event_id,ts,symbol,price,volume
791be84a-26d9-4a50-9a9b-bad5fe2987df,2026-02-11T10:41:06+00:00,BTCUSDT,1761.44579,2.830381
4bbebe50-1f33-48a6-9ef4-b96580e193de,2026-02-11T10:36:50+00:00,SOLUSDT,40050.759198,3.191367
07b54f6a-1e5e-43ba-a3dd-f47484fb7881,2026-02-11T10:36:07+00:00,SOLUSDT,40064.557007,2.865968
010b2551-bb3c-4d07-866f-3dc5f9a8c82c,2026-02-11T10:30:07+00:00,SOLUSDT,40101.135245,1.709821
e91fbf1c-fba1-45fd-9ebf-95e5ce96e923,2026-02-11T10:20:27+00:00,XRPUSDT,16550.909106,3.089324
5426d239-739b-4e9f-8e4a-2c78cdad54d9,2026-02-11T10:14:52+00:00,BTCUSDT,1766.268622,2.522213
2543b355-23ca-41a4-8b99-ca5948138fd3,2026-02-11T10:42:57+00:00,ETHUSDT,60058.330709,0.563054
e3439101-377f-4696-b5d1-12e5076c2ffa,2026-02-11T10:54:14+00:00,BTCUSDT,1768.616423,2.737234
bb84a754-07e2-4d72-ac06-600a05170c86,2026-02-11T10:49:37+00:00,XRPUSDT,16591.033769,1.098749
eaf2054a-0625-489b-9d35-fc7cc9ac6d03,2026-02-11T10:02:56+00:00,XRPUSDT,16650.802838,2.23742
3e5a09bb-e658-4829-b174-03e206808100,2026-02-11T10:29:13+00:00,BTCUSDT,1763.733789,3.007394
668cd402-d331-4fab-ab1b-64510c129fd9,2026-02-11T10:08:31+00:00,BTCUSDT,1763.239523,1.430109
a9c2c3a9-3a06-4195-ae0f-1a42e61bc64b,2026-02-11T10:25:55+00:00,SOLUSDT,40056.160718,1.547311
9d444074-2a5e-42ff-b432-fd759ef74203,2026-02-11T10:15:00+00:00,BTCUSDT,1766.611327,1.013369
dfa7dd83-d114-4135-86e9-e04cc4a93e7d,2026-02-11T10:48:21+00:00,ETHUSDT,60167.564448,0.855641
b7e2e265-19bd-4cbc-abe6-21daae558938,2026-02-11T10:07:58+00:00,XRPUSDT,16611.305065,3.625708
f0dae9b3-93ec-446e-80b4-77da652b732a,2026-02-11T10:06:14+00:00,ETHUSDT,59719.675739,0.712022
c4646050-366b-4cfc-9b17-9e3e889f09dc,2026-02-11T10:00:21+00:00,BTCUSDT,1764.817617,0.699333
5efebb9a-a662-4ba9-abf5-41afe688e16d,2026-02-11T10:30:57+00:00,XRPUSDT,16615.294674,0.145745
74cd298b-960d-4a95-993e-3f2deff12ac5,2026-02-11T10:30:14+00:00,BTCUSDT,1763.539512,2.480158
58827a11-146c-4a83-a610-9d7d8b605d6e,2026-02-11T10:59:31+00:00,SOLUSDT,40105.612284,2.182402
375221c2-ded3-4525-bfcd-416b2860f837,2026-02-11T10:28:48+00:00,ETHUSDT,60023.006228,1.470788
ead0409d-6457-4927-8aa9-49b86e441cbd,2026-02-11T10:25:44+00:00,SOLUSDT,40095.705737,4.194881
bda97671-c7f7-41f9-a211-7147ead3e1a6,2026-02-11T10:33:10+00:00,BTCUSDT,1764.717679,3.28937
5fe38e2d-a7fd-4429-8c24-3cd4f28f6785,2026-02-11T10:20:49+00:00,ETHUSDT,60027.792318,0.847216
5b530444-1148-4fce-873c-df9a7331ade1,2026-02-11T10:07:08+00:00,XRPUSDT,16622.135272,0.707762
2b91e066-8bd5-4b32-b86d-57073d2f3afa,2026-02-11T10:06:28+00:00,XRPUSDT,16623.882549,0.0
c5771777-11dd-4245-8885-e317012288b9,2026-02-11T10:45:43+00:00,XRPUSDT,16585.532375,1.66005
61ae51d8-3c29-4925-835e-5ff42275cf8c,2026-02-11T10:57:43+00:00,SOLUSDT,40167.206084,1.853592
713fe95c-873a-4db1-80b4-44a5315051e2,2026-02-11T10:39:32+00:00,BTCUSDT,1762.72511,1.685708
8649b0c6-c475-42e7-bd72-f7f7e8328894,2026-02-11T10:54:54+00:00,XRPUSDT,16606.117431,2.901558
e622997c-c289-46e4-960e-c60690d933ae,2026-02-11T10:43:51+00:00,ETHUSDT,60076.48158,1.328987
76507919-1478-4cdb-9240-dfbb955b179b,2026-02-11T10:59:24+00:00,XRPUSDT,16638.693707,0.829144
56a6884a-f9f4-4a62-812a-a24adcd0319c,2026-02-11T10:34:26+00:00,XRPUSDT,16575.094641,0.541679
d38ae14e-3392-402b-a5b4-a579de305c0e,2026-02-11T10:49:48+00:00,ETHUSDT,60119.693339,1.247482
f1326402-88f8-4fba-9551-6a6b7ed9dc64,2026-02-11T10:12:00+00:00,ETHUSDT,59762.333206,4.308903
7e544df1-c311-4a09-a0b3-54f1ed272269,2026-02-11T10:04:40+00:00,SOLUSDT,40171.305231,0.773238
7ba5afe2-a589-4e04-96ec-d806e1f856fb,2026-02-11T10:34:51+00:00,ETHUSDT,60109.011378,1.366714
0e8b5db1-0716-44d6-84a5-0ce85389396a,2026-02-11T10:15:43+00:00,XRPUSDT,16564.198747,0.437636
3570d715-b3f7-4cbd-a596-71b64d7283e7,2026-02-11T10:37:08+00:00,XRPUSDT,16565.669819,3.263828
53ad973c-af81-4508-bf9a-10196252608e,2026-02-11T10:57:25+00:00,SOLUSDT,40199.784934,2.559571
fb0d0a04-6026-4844-8f67-51bbb5803108,2026-02-11T10:09:21+00:00,ETHUSDT,59676.246735,1.047313
eab96ae1-87b2-4187-b725-0eaa42e76da1,2026-02-11T10:05:24+00:00,BTCUSDT,1766.270655,2.962612
de39ecec-fdca-471f-9679-528f8043072e,2026-02-11T10:06:03+00:00,SOLUSDT,40093.004291,2.038502
48255af3-fa9a-408a-bc52-51bf164c7367,2026-02-11T10:05:38+00:00,SOLUSDT,40124.945364,1.225378
cfbe3062-6978-4bc8-b34b-92ce4dd5a825,2026-02-11T10:29:45+00:00,BTCUSDT,1763.190501,2.099002
7e1d5cd4-1165-4261-976f-c66eafb1e00e,2026-02-11T10:56:34+00:00,XRPUSDT,16648.683542,2.112965
2ea4a411-9ea7-4d5f-a154-3a541fa3b92f,2026-02-11T10:02:27+00:00,BTCUSDT,1764.732294,1.153837
cda286c7-e44c-47c2-a3ba-17bbb8e859d9,2026-02-11T10:39:39+00:00,SOLUSDT,40060.636366,1.953665
434174cd-7a6d-47a7-8b96-b681a0a2a738,2026-02-11T10:51:43+00:00,BTCUSDT,1767.259339,3.16355
b81f39f5-799f-4474-9e87-8dabcb331b80,2026-02-11T10:44:09+00:00,SOLUSDT,40144.777745,1.905562
968004ee-eb1f-4db2-a467-47975a0f9ab4,2026-02-11T10:02:02+00:00,ETHUSDT,59876.321713,0.0
4c85f62f-bcf5-43fd-b4b0-34e679a921ff,2026-02-11T10:10:30+00:00,SOLUSDT,40175.784267,3.472526
07b02e3f-4d81-4768-a787-aa9dbf34736e,2026-02-11T10:02:06+00:00,ETHUSDT,59859.229237,3.599057
65036ba2-6735-472b-81e7-509386f79c4d,2026-02-11T10:08:52+00:00,XRPUSDT,16604.99615,3.424165
8e4b660f-34f3-4ea5-b8fc-15162aa77bcb,2026-02-11T10:27:46+00:00,BTCUSDT,1761.776859,1.19361
1ff928c0-18e9-4ddd-9fe3-7fcca40a9773,2026-02-11T10:35:56+00:00,ETHUSDT,60127.365296,1.365432
209c03b4-9e1c-4aca-a5cb-057666fe01c5,2026-02-11T10:40:55+00:00,BTCUSDT,1762.083578,2.335831
6666222f-3c0a-4443-a149-a3b0cbc6545e,2026-02-11T10:59:13+00:00,SOLUSDT,40159.9354,2.402485
d8526074-b2ed-431b-901e-4cc04226585d,2026-02-11T10:42:00+00:00,ETHUSDT,60000.202845,0.844336
c8c87220-47db-4656-bd9a-e1102816a745,2026-02-11T10:52:37+00:00,ETHUSDT,60173.415024,1.748592
d67175bb-da04-4f75-8daa-627992c11f36,2026-02-11T10:41:49+00:00,XRPUSDT,16557.263343,0.776847
8008b6e7-dffb-40ce-9e3a-a81ce9c48e90,2026-02-11T10:22:26+00:00,ETHUSDT,59935.329164,3.98474
513ed3bc-ac50-4157-beaa-41b36c74fbad,2026-02-11T10:44:20+00:00,SOLUSDT,40104.956762,0.580622
66b78c9e-9c02-40a3-8905-956ccfba7897,2026-02-11T10:38:06+00:00,XRPUSDT,16557.731848,1.776756
a422328f-2976-4424-9d32-564af2d16d73,2026-02-11T10:34:22+00:00,BTCUSDT,1765.8845,2.985025
d590eca8-356b-48f9-aeea-6b6ff3b68d88,2026-02-11T10:28:19+00:00,BTCUSDT,1761.292934,1.463764
922f885b-a5bd-4e84-9d17-5af110fc01f0,2026-02-11T10:49:15+00:00,BTCUSDT,1765.159813,1.968852
d672f5b2-3fb5-4abd-b697-b1b2073115cf,2026-02-11T10:58:33+00:00,XRPUSDT,16640.054993,2.124225
62d9adcf-5053-403f-9600-f0017a6fe9c9,2026-02-11T10:01:01+00:00,XRPUSDT,16620.930899,1.234451
bb1ea14d-a752-40fb-802e-7d01c8515a23,2026-02-11T10:12:25+00:00,BTCUSDT,1769.58555,1.129524
b648bbb3-5680-4995-b80a-58af7416c5e0,2026-02-11T10:45:28+00:00,SOLUSDT,40166.74654,3.597831
e701c662-8a5f-466b-88ea-11b69dfd8fe0,2026-02-11T10:14:38+00:00,ETHUSDT,59774.992739,2.853202
00e7cff2-0e36-4273-885e-9a67b4883904,2026-02-11T10:49:19+00:00,ETHUSDT,60121.625613,1.153409
815e7a4c-d879-4504-9eb1-95cfff0609ae,2026-02-11T10:14:27+00:00,BTCUSDT,1767.493813,1.701851
76106a1d-a7c2-4f9f-a6c5-62324cdb8da1,2026-02-11T10:03:54+00:00,ETHUSDT,59859.563363,0.616734
2d999d0d-025a-49a2-8691-124ae3ccb3f7,2026-02-11T10:47:56+00:00,BTCUSDT,1765.103649,2.758697
03047e8a-eff4-4254-bee0-cb6ab3200116,2026-02-11T10:54:36+00:00,XRPUSDT,16618.894145,2.573664
c2aed25d-9e9c-48df-86df-eff57ff317fb,2026-02-11T10:33:46+00:00,XRPUSDT,16605.89853,2.17753
61a6f67c-aaca-464c-87df-e46c60c13573,2026-02-11T10:11:27+00:00,ETHUSDT,59766.073175,2.65218
7b6c2acb-c54f-4f85-ad6d-83eebe5c6cb1,2026-02-11T10:21:50+00:00,SOLUSDT,40156.43501,2.522717
56461c1d-d295-4fd1-9238-4face17bf8af,2026-02-11T10:44:49+00:00,BTCUSDT,1766.668527,2.942775
7227d5b7-151b-43bf-b930-2ded432aad69,2026-02-11T10:20:06+00:00,XRPUSDT,16564.812199,2.862774
6fceb988-113f-4afc-a7e6-9053d67a877d,2026-02-11T10:13:22+00:00,XRPUSDT,16582.49078,2.052977
3da0a093-2b25-4928-89b3-ce4795fea53e,2026-02-11T10:11:09+00:00,SOLUSDT,40156.482686,2.269148
e5dfcfab-79e6-433e-a178-b4fae4afd49e,2026-02-11T10:10:48+00:00,XRPUSDT,16586.521494,3.414559
7cecb63e-1f18-454f-b2bd-bfe8e3e79e63,2026-02-11T10:16:01+00:00,SOLUSDT,40057.626311,0.503807
698f3e46-9995-46c9-8f56-0d3be53cc457,2026-02-11T10:47:16+00:00,SOLUSDT,40149.298287,0.657475
f7996e78-51bc-4df3-86fc-edff0287ffec,2026-02-11T10:34:40+00:00,BTCUSDT,1765.182648,2.767123
8b4c55f1-4476-4004-a713-e60c590ef90d,2026-02-11T10:38:34+00:00,XRPUSDT,16548.288778,2.174761
2880492e-1939-4d6c-97b8-8e1030576ce9,2026-02-11T10:25:08+00:00,ETHUSDT,59951.368873,2.186108
327efcbd-bf71-4405-a595-52f5fb8fe4f7,2026-02-11T10:29:38+00:00,BTCUSDT,1764.106155,0.373618
a0e88479-52df-44c2-a8ad-22d6279752d6,2026-02-11T10:16:26+00:00,SOLUSDT,40073.763246,0.724748
90a568ab-2569-43d3-9f10-557e6e8ac654,2026-02-11T10:46:58+00:00,BTCUSDT,1766.630991,2.036893
c753ea12-7eca-49de-a637-f5f1fd7f65c8,2026-02-11T10:40:44+00:00,SOLUSDT,40018.826339,0.714689
2ca15d83-d538-4830-818d-866b3030cc82,2026-02-11T10:31:51+00:00,SOLUSDT,40067.176999,2.043919
98c9369b-3bc5-4a2c-8cc5-c634cf89aa60,2026-02-11T10:19:12+00:00,SOLUSDT,40060.96081,2.39482
f49a4a0d-fed3-40f0-b228-efd6408f44bb,2026-02-11T10:19:51+00:00,BTCUSDT,1760.305802,1.851815
c5a2605e-8cb1-4b6a-baea-6b3fddf52900,2026-02-11T10:24:10+00:00,BTCUSDT,1760.709617,0.34095
1b3b864d-3dda-423a-a895-fc7b55e4be78,2026-02-11T10:09:14+00:00,BTCUSDT,1767.102636,2.923656
58a52b07-87cd-412a-86ec-ee0459854b24,2026-02-11T10:20:24+00:00,BTCUSDT,1760.506753,3.067656
f8614d63-1ba8-4eac-9e38-98385c02360b,2026-02-11T10:00:46+00:00,XRPUSDT,16617.945322,1.5481
b0bd42f8-4044-465c-b92b-23a95d6c82ba,2026-02-11T10:24:14+00:00,SOLUSDT,40146.935293,3.554243
e5955744-3d01-4311-a524-d32e759d67d2,2026-02-11T10:29:09+00:00,SOLUSDT,40075.8021,2.271005
661b2bfb-82e1-41c7-b948-2244f50bfa9c,2026-02-11T10:26:09+00:00,ETHUSDT,59922.987595,2.266397
710fd847-e34d-4b07-aaf3-a57285a991f3,2026-02-11T10:55:15+00:00,ETHUSDT,60066.685096,1.267388
09991174-2a14-47c8-b19f-76ca238721f5,2026-02-11T10:53:49+00:00,BTCUSDT,1768.68239,1.852091
7d37a68b-922a-495c-9854-d345b2b25d59,2026-02-11T10:31:44+00:00,XRPUSDT,16621.781297,2.94504
9cb3f80c-bb42-47c5-836f-fd9a9a292324,2026-02-11T10:47:06+00:00,ETHUSDT,60201.613143,3.036151
7b6aab30-a69b-4498-838a-6f3c8d09cdde,2026-02-11T10:27:50+00:00,ETHUSDT,60008.813903,4.047984
6865b76c-1b4f-4b97-aebc-62ec113adf7e,2026-02-11T10:57:32+00:00,SOLUSDT,40160.637102,2.136399
99b4b29c-24c9-45a5-884d-1982d49dd9b6,2026-02-11T10:26:02+00:00,XRPUSDT,16606.070528,2.975138
1a7f945f-726b-44e1-80cf-8f7f8701fead,2026-02-11T10:50:24+00:00,BTCUSDT,1765.4031,2.698761
07717615-882c-41a4-b1d6-0b77220968b8,2026-02-11T10:03:32+00:00,ETHUSDT,59907.594702,1.44092
b390dff3-734b-4dc0-9d06-a57c074c453c,2026-02-11T10:52:22+00:00,SOLUSDT,40301.155492,1.312376
d2a9bbf9-a92e-4624-8022-9ac334063f9f,2026-02-11T10:22:55+00:00,BTCUSDT,1759.603412,2.487078
85a5681f-f32b-40d1-b400-4ee766fe1b5a,2026-02-11T10:11:20+00:00,XRPUSDT,16584.094487,4.233887
5d6d7d34-afcf-4354-a7d8-125d44fd5b3e,2026-02-11T10:29:27+00:00,ETHUSDT,60072.699398,0.565698
998edde6-fd45-44b9-8a5e-f7d0073b0073,2026-02-11T10:07:12+00:00,BTCUSDT,1764.239175,2.813357
f75410c1-c935-4928-8a05-8c81b0a98af1,2026-02-11T10:26:34+00:00,SOLUSDT,40088.169192,1.689699
ea538419-5dbf-408b-bb7d-d04ff4403a20,2026-02-11T10:53:02+00:00,SOLUSDT,40209.397484,0.898971
8586d99a-2d5a-4e8a-a33e-ee9bcf028e96,2026-02-11T10:18:50+00:00,XRPUSDT,16571.993533,2.402294
1d95f084-c365-413d-bba4-137a6ea46be0,2026-02-11T10:00:10+00:00,ETHUSDT,599316.5638,2.441007
8df84b0e-c3c4-4dff-8ec1-8406f6f1446f,2026-02-11T10:11:42+00:00,XRPUSDT,16587.854496,2.045229
8455d895-cd1a-4696-b2de-ff11d353cde6,2026-02-11T10:12:18+00:00,SOLUSDT,40129.323907,0.660333
cd70016d-2e95-46bf-ae55-c541e93594f0,2026-02-11T10:38:38+00:00,BTCUSDT,1762.254727,2.342492
6bbe4510-3b8c-4318-bda2-290c523c8707,2026-02-11T10:42:03+00:00,SOLUSDT,40069.836982,2.803483
ca68215b-340a-48c2-82da-d5ed50dfc16a,2026-02-11T10:27:18+00:00,SOLUSDT,40140.687496,3.410932
8f48a58f-94d5-49c3-8ee7-70bf6775991f,2026-02-11T10:52:26+00:00,ETHUSDT,60103.495417,0.0
791a50ed-73d6-49f1-a0e2-4fa44d1b709a,2026-02-11T10:55:22+00:00,ETHUSDT,60075.29777,1.258494
f886ea47-a546-446c-acea-be07cca97e17,2026-02-11T10:43:12+00:00,BTCUSDT,1766.357545,2.160816
f34a7736-b82c-41c3-b1ca-0b7235b74c4a,2026-02-11T10:18:21+00:00,BTCUSDT,1762.568389,1.721302
5490c848-dafb-443e-b660-ed67f9e25bc9,2026-02-11T10:28:55+00:00,SOLUSDT,40066.903035,1.021718
80ee0975-ed8d-4caa-8183-b08a8718e89d,2026-02-11T10:00:07+00:00,SOLUSDT,40130.445464,3.066959
1bf844cf-2444-42eb-b4c1-5e7c28b57097,2026-02-11T10:56:45+00:00,BTCUSDT,1766.802678,3.23685
7ab48f86-38f5-4417-9592-ef14abff3e50,2026-02-11T10:20:02+00:00,ETHUSDT,59941.874148,3.728622
c70566ff-193c-489d-8695-25b6e21dc1f6,2026-02-11T10:59:56+00:00,ETHUSDT,60009.430521,1.492095
8c63ca6f-b11c-406a-8014-771414d73229,2026-02-11T10:57:21+00:00,SOLUSDT,40204.072116,3.409436
c25bd65d-c7a7-4b60-bc15-634dcc5dde3b,2026-02-11T10:42:39+00:00,ETHUSDT,60040.471268,1.812122
5f30ff97-2584-4e30-a3b9-e8d4ea1f6327,2026-02-11T10:39:46+00:00,XRPUSDT,16558.943316,0.0
def03076-3be6-4dd9-a4fe-d216c8bbf713,2026-02-11T10:04:22+00:00,SOLUSDT,40180.925823,2.871702
d6c874cc-c401-4a16-83d0-7c44418ec001,2026-02-11T10:07:01+00:00,XRPUSDT,16626.63427,2.124832
e1fcb9ad-e14f-425c-8702-238205f4ee66,2026-02-11T10:36:14+00:00,SOLUSDT,40060.111658,0.897217
a5693396-9b17-48bd-8d1d-18aad849451b,2026-02-11T10:53:24+00:00,BTCUSDT,1767.572395,1.821809
4ceac6de-6fb8-43ea-9db1-f82c21d835db,2026-02-11T10:06:39+00:00,SOLUSDT,40154.280859,2.56573
03292cef-ce63-448e-bdbf-47f0627497cd,2026-02-11T10:00:18+00:00,ETHUSDT,59886.942406,2.192007
1cfc80e3-63a6-43cb-8f73-4f73ee4ce7e0,2026-02-11T10:38:56+00:00,BTCUSDT,1761.335285,1.149392
422ff414-8aff-43af-ab03-1c3890d33b73,2026-02-11T10:28:26+00:00,XRPUSDT,16627.592149,2.470692
ce1e2a0d-f095-46b6-8b36-38609f43c743,2026-02-11T10:33:36+00:00,XRPUSDT,16604.877732,1.338686
a9904ac8-8c9e-4492-b2f2-6af9d2dfd6c4,2026-02-11T10:24:54+00:00,BTCUSDT,1762.598876,2.140097
a8fc3ad0-d729-42f7-95d5-8a7e33fa95ee,2026-02-11T10:49:01+00:00,SOLUSDT,40254.936535,1.490222
7b53e7b5-75ad-40a2-aa06-ec9c34001949,2026-02-11T10:26:45+00:00,ETHUSDT,59929.429733,1.187052
927696be-6fa5-432e-bc93-6f681ac43079,2026-02-11T10:00:28+00:00,SOLUSDT,40148.56365,3.611424
9a234445-7dd0-46fb-ad68-897a58d585c5,2026-02-11T10:21:18+00:00,SOLUSDT,40119.179112,3.734484
1ef41d3d-be10-47da-8319-9208b0c07ef0,2026-02-11T10:03:21+00:00,BTCUSDT,1766.661696,0.893445
45707163-a03c-48b0-9815-86c4f3baf066,2026-02-11T10:15:28+00:00,ETHUSDT,59781.026905,2.982548
82a85a15-9751-48fd-8365-8efe7bd984fa,2026-02-11T10:43:33+00:00,BTCUSDT,1765.531639,1.674048
c79c042d-f7ec-4f52-97c0-afc77642332f,2026-02-11T10:28:22+00:00,BTCUSDT,1761.935975,2.368097
72a4ea5f-1634-4d62-9239-4abb49b466e9,2026-02-11T10:48:14+00:00,XRPUSDT,16597.157234,0.045483
c9e63821-6bc1-4035-9b39-fb9f4012fca3,2026-02-11T10:05:02+00:00,SOLUSDT,40097.578041,1.489301
eded67d4-5613-4b56-8fbb-7108299b1f27,2026-02-11T10:58:30+00:00,XRPUSDT,16651.719422,1.034481
3c3e276b-7768-4952-87fc-e1fd398e9504,2026-02-11T10:09:32+00:00,SOLUSDT,40161.259578,2.305148
2b060aaf-b4e1-45eb-a7f8-f689ef4f9744,2026-02-11T10:43:15+00:00,ETHUSDT,60087.428848,2.195102
7b2f32a5-0b88-485b-b3ae-24b276975e85,2026-02-11T10:07:30+00:00,ETHUSDT,59769.75217,1.690577
762cd520-35a2-45c1-966c-6ee4a97dfe44,2026-02-11T10:46:51+00:00,SOLUSDT,40148.663603,1.830931
a0adcb15-f1e0-49ea-895c-dbc67d3400df,2026-02-11T10:53:31+00:00,XRPUSDT,16627.790907,1.475656
bc4dd4aa-90d4-49d7-bb4b-3abd1f77c529,2026-02-11T10:28:51+00:00,XRPUSDT,16628.589658,1.634827
6d5e0450-596d-457a-b855-b2ed4eeeb1e7,2026-02-11T10:23:20+00:00,ETHUSDT,59974.860943,2.353885
1b680b0b-52e2-462a-9b1f-28f15ac16e6f,2026-02-11T10:33:00+00:00,BTCUSDT,1764.03875,1.531929
d5bf7a09-821b-4db7-b3c3-79349b49772a,2026-02-11T10:48:07+00:00,ETHUSDT,60154.89011,0.531318
1c27f0ac-f8f5-4090-8d64-b548a8eb78ce,2026-02-11T10:22:58+00:00,BTCUSDT,1758.248751,2.021163
7b3ac5b2-1bc9-4390-a943-55a004984103,2026-02-11T10:56:02+00:00,XRPUSDT,16634.301883,0.949678
468118a9-3dfd-4a9f-a441-d6fb54549fcc,2026-02-11T10:04:51+00:00,XRPUSDT,16643.452394,0.803384
f480eb1d-225e-4bb2-81fd-0f6f0613bcb8,2026-02-11T10:14:16+00:00,XRPUSDT,16572.145322,1.997509
31ffc91a-cfdd-40c8-8df6-87bb696ac00d,2026-02-11T10:58:22+00:00,ETHUSDT,60136.952778,1.286882
1f7937a9-aa8b-4aa0-a90c-8e73d3c29279,2026-02-11T10:19:44+00:00,XRPUSDT,16563.748031,0.345429
7aabf773-8786-43ec-a912-169c1c6623a9,2026-02-11T10:12:07+00:00,XRPUSDT,16586.276531,0.646663
0ce4e1c2-e712-4581-95fa-eb73d3785e21,2026-02-11T10:57:18+00:00,ETHUSDT,60213.633632,1.473458
3a465ba5-7f24-4a1f-85a2-d747601bf623,2026-02-11T10:13:40+00:00,ETHUSDT,59746.507282,1.877077
23ac7eb1-0a5b-42df-85c4-0a5bc50e1f64,2026-02-11T10:21:14+00:00,ETHUSDT,60023.788746,4.836097
f1fefea1-c3cf-4dbd-a91f-9f7167568c39,2026-02-11T10:12:57+00:00,BTCUSDT,1767.930821,2.555066
dff6a90e-abd2-47e0-a20b-64a20dfdf76d,2026-02-11T10:35:38+00:00,ETHUSDT,60106.71544,1.082818
be4fd33d-37f5-4c0e-af06-c8a4c5d7aaca,2026-02-11T10:03:00+00:00,BTCUSDT,1765.623249,1.430313
59269c9d-6f2f-479f-8936-d12a86f79c84,2026-02-11T10:56:27+00:00,XRPUSDT,16645.511592,2.049158
80b79252-5e7f-4e16-a07e-13fcdc89e982,2026-02-11T10:35:24+00:00,BTCUSDT,1766.203719,2.837027
efab7d5a-77d8-47b4-9441-389faeb7e19f,2026-02-11T10:48:10+00:00,XRPUSDT,16589.421817,1.33169
89104ef3-76d0-48ac-9ba6-a352bc7f0bb7,2026-02-11T10:36:18+00:00,SOLUSDT,40047.383333,0.497758
dbd161d7-021a-4cbf-97b3-46b73d041802,2026-02-11T10:12:03+00:00,XRPUSDT,16576.212799,0.886649
43fd6c40-89ec-4b90-aa83-a4e7d61dc75b,2026-02-11T10:36:46+00:00,ETHUSDT,60142.308264,0.493563
23c328c7-28aa-4011-8f4e-f3ab4f750476,2026-02-11T10:11:38+00:00,BTCUSDT,1766.925273,3.300485
61c30522-6300-4d3d-bf6a-7b1d3784cd66,2026-02-11T10:47:20+00:00,XRPUSDT,16594.377979,3.012158
22e3acfa-3f4b-45fe-a9f6-70fc77d66e59,2026-02-11T10:43:08+00:00,BTCUSDT,1766.898813,2.358882
0376d7a9-6e11-4ea7-9e05-5f09ba2703ce,2026-02-11T10:49:51+00:00,SOLUSDT,40302.013302,2.461366
85839df9-acb1-4626-8cfb-415bdd1b8f9f,2026-02-11T10:14:09+00:00,BTCUSDT,1767.497856,1.405731
c793bf94-7acd-43c0-93d2-93dddcd186fd,2026-02-11T10:35:20+00:00,ETHUSDT,60121.702418,0.997691
182d5257-c017-4e41-a0f6-1d30d47ba191,2026-02-11T10:15:18+00:00,ETHUSDT,59760.337039,0.447167
0b8e8b8b-fd59-4728-9790-056c4e7d54d8,2026-02-11T10:40:01+00:00,SOLUSDT,40054.533808,1.631906
01a187be-c3e1-4a44-b14e-6ef60d1bb9d9,2026-02-11T10:35:34+00:00,ETHUSDT,60084.944102,2.318948
372f591c-4c8a-4d24-a4cc-b9f51c134710,2026-02-11T10:33:18+00:00,XRPUSDT,16622.817033,3.759816
76235569-720c-4eb7-a07f-722e80ed05ed,2026-02-11T10:20:42+00:00,BTCUSDT,1761.614292,1.572703
cde46544-2c95-4ae7-9cb2-4045f85cdbb6,2026-02-11T10:17:52+00:00,BTCUSDT,1765.257622,1.334376
8d857905-058a-4362-91ce-bb1588498f11,2026-02-11T10:20:56+00:00,XRPUSDT,16571.091971,2.315137
f08439cf-85eb-436f-bbff-aa856e1b6f6a,2026-02-11T10:58:44+00:00,ETHUSDT,60171.7692,3.164863
a3388097-511f-4937-bcb8-a963dff3cb9a,2026-02-11T10:25:19+00:00,XRPUSDT,16588.351451,3.096771
948d80e1-facf-40ba-98ab-d0c27d1e565e,2026-02-11T10:02:49+00:00,BTCUSDT,1766.112536,2.719034
43533441-e4b8-4cd9-a9c8-2d150fce69fd,2026-02-11T10:40:33+00:00,SOLUSDT,40018.196024,2.118485
95b268de-149d-48f6-83ce-c21b0fbe4e4e,2026-02-11T10:38:27+00:00,BTCUSDT,1764.54261,1.951937
3cdd02cb-cec0-4739-ba14-883bcbc30e66,2026-02-11T10:01:08+00:00,SOLUSDT,40137.595405,1.735205
df0fc0df-edb8-4861-b17f-1b3c77c2f010,2026-02-11T10:22:19+00:00,SOLUSDT,40181.210206,2.389266
e819b7c2-4aa1-4f5b-b5b3-4be7c579938e,2026-02-11T10:51:54+00:00,ETHUSDT,60098.237106,1.969607
9439714f-a9e8-4644-931a-2eb270c8500a,2026-02-11T10:17:34+00:00,BTCUSDT,1763.971334,2.726353
48ce9bd4-dc13-40f1-ab3d-3d9dd7d01404,2026-02-11T10:40:48+00:00,XRPUSDT,16554.040034,2.125696
09c571cc-dafa-4af4-b7b4-18803f99acdd,2026-02-11T10:18:32+00:00,XRPUSDT,16587.982505,0.590904
c1ddb93f-b406-4f81-aef7-747dbd460de7,2026-02-11T10:16:04+00:00,SOLUSDT,40072.66974,2.370575
e0ca3c91-a8b8-40bc-aaa7-cffb1c9ee137,2026-02-11T10:26:13+00:00,SOLUSDT,40052.950767,1.455343
8a7d6777-b1af-4730-9e74-f143a17d75ae,2026-02-11T10:49:40+00:00,SOLUSDT,40320.031688,2.427659
4ab3ad0b-3d3e-44d9-be91-ca163c147278,2026-02-11T10:21:28+00:00,BTCUSDT,1760.827008,3.469187
208b47ae-2e23-4cbf-b7b3-57e46b8bf238,2026-02-11T10:45:14+00:00,ETHUSDT,60190.073151,2.79886
3e3ead40-cbd2-495d-b0a2-ac400b92ffd0,2026-02-11T10:10:37+00:00,ETHUSDT,59752.529901,0.900847
55303b9a-9741-4624-927c-b2b948165f4e,2026-02-11T10:38:16+00:00,ETHUSDT,60055.831534,0.862865
cd0e5085-fa66-44f6-a06e-294604ea2a68,2026-02-11T10:03:36+00:00,SOLUSDT,40154.59584,1.892312
cd428d7d-a38d-4903-a5da-c67bbcd6830c,2026-02-11T10:23:09+00:00,BTCUSDT,1759.34763,3.436504
b52389d5-b9ca-4d0f-ac45-58869b7b9191,2026-02-11T10:43:26+00:00,XRPUSDT,16583.528537,1.916107
bdea20f4-904c-4a52-a01a-03273cc1feee,2026-02-11T10:47:24+00:00,XRPUSDT,16595.600632,2.859429
da5599a1-28bb-450f-bedb-32df85814f17,2026-02-11T10:35:02+00:00,SOLUSDT,40101.047746,1.789294
830b41ae-0997-4598-aa5e-5d07bff33086,2026-02-11T10:25:58+00:00,BTCUSDT,1760.422541,0.198793
0b219d5c-2d94-4f40-b0b3-d47c8c983e8e,2026-02-11T10:45:57+00:00,SOLUSDT,40106.01938,1.575411
2ce776c6-3163-4b8f-9264-93edb48c13bf,2026-02-11T10:06:25+00:00,SOLUSDT,40124.540908,2.582504
2152ba38-cfaf-4e20-bb5f-7f948412680c,2026-02-11T10:58:04+00:00,ETHUSDT,60134.366246,4.018547
7163e087-aaf6-4b7b-9df9-80e7ac1dcf58,2026-02-11T10:59:34+00:00,XRPUSDT,16638.985116,0.004089
25485368-dc75-4b06-b6aa-75dad96d7529,2026-02-11T10:40:40+00:00,BTCUSDT,,3.211588
e0b161ac-b893-4b3c-a479-50baa2eb2998,2026-02-11T10:48:39+00:00,SOLUSDT,40180.928212,3.084215
873c5f50-1d31-40be-bd19-655304f0d9fd,2026-02-11T10:05:56+00:00,ETHUSDT,59724.542024,0.096871
631cf42a-4548-4676-a042-a7a008180101,2026-02-11T10:13:58+00:00,ETHUSDT,59779.875771,3.291237
c5d1a8a2-c52f-405b-8c5b-2accbc7796b6,2026-02-11T10:14:31+00:00,BTCUSDT,1767.637282,0.031941
60ce5251-2b91-4997-99a6-bde891070d45,2026-02-11T10:48:36+00:00,XRPUSDT,16580.211372,3.012317
176e9b66-c68e-4f5a-86fb-58828782fb63,2026-02-11T10:18:14+00:00,BTCUSDT,1762.093116,3.318153
24ad363d-ed98-45de-bca0-91f9f08718b2,2026-02-11T10:24:50+00:00,ETHUSDT,59933.155056,2.267727
014cdabf-c15c-47fc-9290-52ef5227bb0c,2026-02-11T10:29:02+00:00,ETHUSDT,60044.254675,2.377876
e6faf237-6f64-4d3a-a7de-eb022c1a8de4,2026-02-11T10:59:16+00:00,SOLUSDT,40137.726381,3.074768
a89b5294-d69e-415d-a1ee-ea901bcebce2,2026-02-11T10:55:48+00:00,XRPUSDT,16626.616296,3.239517
b7402ed9-cd6c-4364-b25b-b28360facd17,2026-02-11T10:10:51+00:00,ETHUSDT,59763.957896,2.64529
e5dc49f6-47be-4d79-8b58-5abdd4bf5e57,2026-02-11T10:00:43+00:00,ETHUSDT,59839.895132,2.723087
a3d5d41d-94b6-4c53-8758-783ac0bc51cb,2026-02-11T10:37:04+00:00,ETHUSDT,60106.492595,1.950294
9dddf8e1-54b2-404d-8c6a-c16b541454c6,2026-02-11T10:05:06+00:00,XRPUSDT,16632.21868,0.292504
5781291a-5071-4dcf-9a84-c1172fd0a8dc,2026-02-11T10:50:34+00:00,BTCUSDT,1764.68802,0.998089
d3cdd1d1-b514-4ac7-9f62-83178eef817e,2026-02-11T10:39:14+00:00,ETHUSDT,60065.171909,1.987206
2ab78a4f-573c-4afd-8ffd-1bad05457cce,2026-02-11T10:40:37+00:00,ETHUSDT,60052.706373,1.306543
627978dc-da8e-4c3c-b9d8-6e8d35664c8f,2026-02-11T10:31:01+00:00,ETHUSDT,60123.20912,1.126801
32b88ee2-11a2-4664-894e-de10007cc41c,2026-02-11T10:53:42+00:00,SOLUSDT,40187.445724,1.982674
dcce8029-d675-4cc9-a3fa-033cff357e15,2026-02-11T10:49:33+00:00,SOLUSDT,403179.06779,1.123251
622c00aa-23e4-4f2d-90c5-98a27d17dfe2,2026-02-11T10:08:06+00:00,SOLUSDT,40175.220686,1.483871
b51f6ea8-d89a-4719-a68e-da9e2ff819c1,2026-02-11T10:50:52+00:00,BTCUSDT,1764.666576,2.578196
6d42abb8-b905-473c-aa9b-06a0f2b91022,2026-02-11T10:52:12+00:00,ETHUSDT,60123.747249,2.180221
6a3f6347-7803-414f-be96-5244c11f32aa,2026-02-11T10:09:36+00:00,BTCUSDT,1765.972921,2.268138
e856b5a8-5d2f-46a7-ba3e-a0c307cb307e,2026-02-11T10:41:09+00:00,BTCUSDT,1761.30553,2.879715
d07709af-1633-4a74-a1bf-22fdbd2aa991,2026-02-11T10:35:52+00:00,BTCUSDT,1767.247614,2.399764
73f401ac-1863-43c3-ac82-28e58896f516,2026-02-11T10:34:37+00:00,BTCUSDT,1764.855735,2.778522
f3a390b8-3e41-47da-8138-ab5e9f48318a,2026-02-11T10:54:39+00:00,SOLUSDT,40159.175612,1.471624
c34c6e0c-74ab-4212-8905-ccfbc44dc97b,2026-02-11T10:40:22+00:00,ETHUSDT,60078.723365,1.556784
c4311bf5-b948-41c5-b9de-49b6ec01ce9f,2026-02-11T10:53:52+00:00,ETHUSDT,60168.941198,1.014463
92732353-fa17-4e5b-a96d-786a3166897d,2026-02-11T10:42:36+00:00,BTCUSDT,1766.113444,2.44659
0facd30b-14be-437b-8e52-1067919334e3,2026-02-11T10:07:15+00:00,BTCUSDT,1764.414312,1.501764
84975e5e-25fb-4d95-b48e-e8e5ff542319,2026-02-11T10:44:13+00:00,ETHUSDT,,2.918319
9421bb10-082f-4d32-8fbb-84863d13b9da,2026-02-11T10:11:13+00:00,XRPUSDT,16585.497012,3.150787
d0906542-c5d4-43a4-b438-13eafcdb8397,2026-02-11T10:00:57+00:00,SOLUSDT,40157.182883,1.869825
da6aa8e9-1f44-476c-9623-5a9945ea2c45,2026-02-11T10:18:03+00:00,BTCUSDT,1764.464663,0.0
6779bf6b-54d0-4d72-899f-2647443e0f29,2026-02-11T10:27:32+00:00,XRPUSDT,16599.348229,2.373533
43ecb53e-6230-4b3d-8374-786fc2ad2fba,2026-02-11T10:37:22+00:00,BTCUSDT,1763.97682,2.493879
f3f74627-71b2-4ad7-83af-f8e811430a47,2026-02-11T10:39:03+00:00,SOLUSDT,40054.238778,0.946229
4cc962bf-9e72-4ad5-a002-581402d9ccba,2026-02-11T10:42:32+00:00,XRPUSDT,16577.252786,1.974
a051a232-4238-423e-b002-c9cee59fd13e,2026-02-11T10:06:21+00:00,XRPUSDT,16612.508611,3.907975
9410d5ef-08fc-4640-95cb-cd7357ac11f1,2026-02-11T10:27:25+00:00,SOLUSDT,40159.683907,2.420292
f47a32bc-039e-47cb-b237-22e0117ae887,2026-02-11T10:01:22+00:00,BTCUSDT,1765.145866,1.75782
3c6075ce-b799-4aa2-9c1a-56b3eeab32bb,2026-02-11T10:50:09+00:00,XRPUSDT,16579.684838,2.082399
8eaa0d21-f6bb-4ec1-aa0f-c3d9f394901c,2026-02-11T10:04:08+00:00,XRPUSDT,16642.452149,3.001066
1c082f92-6c56-4867-ac1b-fc3967a8d8f4,2026-02-11T10:25:33+00:00,SOLUSDT,40076.553382,3.069752
d0cbc28a-3902-4a38-944a-ae24fa00d448,2026-02-11T10:29:34+00:00,XRPUSDT,16643.867582,0.285479
f82669fb-abcc-453b-9a57-8351b21422d1,2026-02-11T10:18:39+00:00,SOLUSDT,40029.071022,1.84091
23bb58d9-0fa4-4ec8-91e2-5bb246e79019,2026-02-11T10:48:54+00:00,SOLUSDT,40224.962405,2.70254
37e733f7-ed5a-4def-8330-41e5f18a0b02,2026-02-11T10:58:48+00:00,BTCUSDT,1763.820068,2.521052
1973dddb-7ec1-43bc-b16e-ddbc1fba50cc,2026-02-11T10:23:16+00:00,ETHUSDT,59974.798,0.771515
8f6bd47b-fcbe-47b3-b2a7-ba36a461e8dd,2026-02-11T10:22:04+00:00,ETHUSDT,59984.053627,1.0069
e410dfa4-fde1-4a5a-9796-1a977fd085a5,2026-02-11T10:52:40+00:00,SOLUSDT,40279.859073,2.124369
1f439826-8e2a-42af-acbc-68b5bfe96f38,2026-02-11T10:04:26+00:00,SOLUSDT,40168.303925,2.74724
b3dd97c7-7eea-44ce-b171-21a14adeda6b,2026-02-11T10:13:04+00:00,ETHUSDT,59724.782897,3.225199
8206f702-9999-419e-8232-d0f48f03a2be,2026-02-11T10:31:48+00:00,SOLUSDT,40050.715597,1.698734
d9e64c89-22e2-4e12-add6-1036e82fbe57,2026-02-11T10:15:54+00:00,XRPUSDT,16570.409686,0.754555
b286442c-da20-4962-9a0e-115a4eee2c1b,2026-02-11T10:37:19+00:00,ETHUSDT,60152.935792,2.337778
8fba8577-179e-48d2-8aff-eb2f13ccd1ac,2026-02-11T10:06:36+00:00,XRPUSDT,16634.069759,2.601777
22fd9d0e-bfa3-418f-87ee-1c7e7145c1af,2026-02-11T10:24:28+00:00,SOLUSDT,40120.696627,1.465301
f2b6a452-1edb-4cc7-90b1-5f79ce5ea9b8,2026-02-11T10:59:06+00:00,BTCUSDT,1764.998242,2.796742
d6d1bfeb-1fb1-4441-9676-366b14df902f,2026-02-11T10:41:16+00:00,ETHUSDT,60006.370334,1.351538
8bea4e2b-9f82-4752-ac40-6671e4954619,2026-02-11T10:11:06+00:00,ETHUSDT,59769.253005,2.197285
b608436b-5275-447b-891b-b590a23be46d,2026-02-11T10:17:09+00:00,XRPUSDT,16560.021931,2.115804
dd318c2d-f6f8-4f97-be89-52514d324d9f,2026-02-11T10:35:13+00:00,SOLUSDT,40063.763518,0.0
ebdd995e-a657-4e55-b00e-658618175991,2026-02-11T10:21:57+00:00,BTCUSDT,1759.951964,0.891283
053ed647-8c55-4341-b01a-fcb4f95abc40,2026-02-11T10:27:07+00:00,BTCUSDT,1761.610089,0.0
53c2d592-dc61-4c8b-887a-d573610949eb,2026-02-11T10:42:28+00:00,ETHUSDT,60028.802055,0.497497
b7eb9817-e339-4c35-8a39-e4088bb67219,2026-02-11T10:03:39+00:00,XRPUSDT,16654.033654,1.336668
6519baea-60ea-4eeb-aa91-7fc6e2879459,2026-02-11T10:58:15+00:00,BTCUSDT,1764.915119,1.634436
273bf8c0-10af-4fc4-b12d-de4331938fed,2026-02-11T10:39:50+00:00,ETHUSDT,601054.89413,2.676301
92fee777-8c36-4474-b9f4-bf3258f2525d,2026-02-11T10:26:20+00:00,XRPUSDT,16595.15228,2.852803
7e3042ee-774c-4b27-b92b-4c6509f10e4f,2026-02-11T10:40:30+00:00,XRPUSDT,16552.445201,1.974332
5c069caf-2fb6-44f7-9bdc-ab547b68ae92,2026-02-11T10:59:49+00:00,ETHUSDT,60060.73016,3.067272
5ada8330-2968-4591-875b-1cbcbd947c7a,2026-02-11T10:48:32+00:00,BTCUSDT,1765.980704,1.212058
9633fae0-4206-47a3-b2cf-0853b4d7dee7,2026-02-11T10:44:31+00:00,XRPUSDT,16583.761594,1.7719
12e1498d-ac9b-47cd-83af-f7a45302c8bd,2026-02-11T10:50:16+00:00,XRPUSDT,16574.604464,1.505129
61d647a2-a46a-45a5-9aa0-29179fa11bba,2026-02-11T10:18:25+00:00,XRPUSDT,16595.049736,1.306782
eb0eeb8d-8b78-4b3b-b03b-63e79981a3ea,2026-02-11T10:51:00+00:00,SOLUSDT,40315.550829,2.064193
64eb83a4-2a37-4512-bda7-9694bba697f0,2026-02-11T10:08:02+00:00,BTCUSDT,1765.115891,1.914826
164f09ed-4e46-4102-938e-e08b98f3210c,2026-02-11T10:35:31+00:00,XRPUSDT,16592.541232,4.015749
d00c3742-bfff-4cf7-89a5-cc017ab0646e,2026-02-11T10:46:08+00:00,SOLUSDT,40104.03414,1.645023
070c83e2-4680-41c5-81e8-2669cd2664c6,2026-02-11T10:43:04+00:00,ETHUSDT,60055.953444,1.638185
c397507d-d5d6-4b7a-81f1-215c33352d26,2026-02-11T10:03:25+00:00,BTCUSDT,1767.891966,0.866933
8743c564-b80e-44af-b290-3463771fc1d6,2026-02-11T10:40:26+00:00,SOLUSDT,40003.849876,1.037413
27f04125-c500-4a4a-aa69-dde06e0d9aca,2026-02-11T10:40:19+00:00,SOLUSDT,40000.73909,2.085883
60be6ab8-c159-403d-bdc2-ff507ce9c16f,2026-02-11T10:45:25+00:00,ETHUSDT,60146.913643,0.576019
07932ebc-073e-4b65-afeb-e981e46a89f9,2026-02-11T10:57:54+00:00,BTCUSDT,1765.591826,2.82232
f1b4b989-c6a8-4230-8e16-39fa21a5b430,2026-02-11T10:19:04+00:00,XRPUSDT,16572.469803,2.060581
84eadca3-2cbd-461e-9a65-5fc7f6dad5f9,2026-02-11T10:17:27+00:00,ETHUSDT,59821.277543,1.526944
df4fa927-9a33-452d-a8c2-2d9edfc22d11,2026-02-11T10:02:45+00:00,SOLUSDT,40167.144588,1.418725
62a35d6a-0e5f-4a77-996c-23e3094347ce,2026-02-11T10:16:37+00:00,BTCUSDT,1765.271991,1.876514
6459416f-878e-4f79-b7d8-e6d0001f4e23,2026-02-11T10:50:45+00:00,XRPUSDT,16589.682482,2.431432
4f6b7dd1-7c0f-40ea-9ac9-db0bcaca0e32,2026-02-11T10:55:51+00:00,ETHUSDT,60100.119159,1.307728
1c938ead-9cb8-4336-9862-222ee24e0ec7,2026-02-11T10:13:26+00:00,ETHUSDT,59759.256151,2.529492
02495336-ab83-43f7-bf18-337dc571ee15,2026-02-11T10:32:06+00:00,BTCUSDT,1761.961774,2.761676
aa9df563-5b28-44a9-b833-729114c815c6,2026-02-11T10:16:48+00:00,SOLUSDT,40034.881967,1.848432
2923456d-e2f8-431f-82ca-0548c2fc66c7,2026-02-11T10:00:00+00:00,ETHUSDT,59908.987693,2.669311
64c36ee1-a619-44f8-9e44-f275272b490c,2026-02-11T10:26:56+00:00,BTCUSDT,1762.635445,2.162054
72723f58-d49e-40f0-aa03-f6044a70f3e6,2026-02-11T10:45:39+00:00,SOLUSDT,40134.897866,1.295551
ff1d17a1-0c6e-4ba0-97ff-8b7f796a9a73,2026-02-11T10:50:20+00:00,XRPUSDT,16581.52077,1.537612
e8e72329-ab4c-41f0-8b66-03fbad656fb5,2026-02-11T10:03:57+00:00,XRPUSDT,16641.913256,2.93752
530ca1f5-179b-45b1-9363-8e65ab698b06,2026-02-11T10:46:19+00:00,ETHUSDT,60188.490995,2.272739
de02afff-d167-4b65-a700-8d1052cf80f3,2026-02-11T10:26:06+00:00,BTCUSDT,1760.802064,0.730347
bb30e30a-c997-41fb-a036-94075ee1f826,2026-02-11T10:20:20+00:00,XRPUSDT,16554.424552,2.165563
cc0f683e-c503-4235-9191-93f1d1b64d71,2026-02-11T10:34:33+00:00,XRPUSDT,16572.987923,2.416658
09912977-0255-42ab-8e43-ba455d71cd70,2026-02-11T10:33:07+00:00,SOLUSDT,40055.591952,1.545642
c39b853c-ed18-4f37-8146-070596d7df68,2026-02-11T10:17:38+00:00,SOLUSDT,40041.108402,1.602732
f132cd87-f867-46c9-83b8-cafbf907bac2,2026-02-11T10:32:16+00:00,XRPUSDT,16623.003509,3.464733
62ec78c2-9544-40e5-8169-51aab37b5d98,2026-02-11T10:44:52+00:00,XRPUSDT,16591.547546,1.873931
ea1bc2ef-31a3-4ccc-858b-a09bcb049d78,2026-02-11T10:14:42+00:00,ETHUSDT,59746.091224,1.489895
c71a45bd-dbc3-4ec6-9a19-7b3d5661bd6f,2026-02-11T10:15:25+00:00,SOLUSDT,40075.394954,1.028146
cbec9ac1-7c55-45c2-a6bf-2278a5033a71,2026-02-11T10:09:39+00:00,XRPUSDT,16604.59183,1.728999
a2b10674-0ded-4ad0-8e2b-7b32930b935d,2026-02-11T10:53:34+00:00,ETHUSDT,60159.518552,0.782023
d6f8c37a-399c-43f4-89b3-eb9f068d336f,2026-02-11T10:38:20+00:00,BTCUSDT,1762.396041,0.0
3f857e1d-369c-4437-b65e-6c4d3d0c9b47,2026-02-11T10:31:30+00:00,BTCUSDT,1762.267812,0.998629
6107f45e-390d-4c9a-8b1a-6d75a8b23284,2026-02-11T10:28:01+00:00,BTCUSDT,1761.971655,1.794045
37d68541-ba7c-49a4-8ca8-6a88d5865bd4,2026-02-11T10:51:36+00:00,XRPUSDT,16602.790227,2.263157
938ccd57-d1d5-4fb4-914b-8048d5f07b8a,2026-02-11T10:38:49+00:00,ETHUSDT,60048.6296,0.903246
ce70b9dd-613a-4781-b591-5f124e06dfcd,2026-02-11T10:14:49+00:00,ETHUSDT,59791.202712,3.363313
5d5bf812-4d09-43ac-9827-a9a8197bb043,2026-02-11T10:32:45+00:00,BTCUSDT,1764.342887,1.264936
f9e6219f-0734-4575-8f25-00604b8c046a,2026-02-11T10:14:20+00:00,ETHUSDT,59741.035398,1.486312
381ec2de-cc8e-48b1-9a11-e36af0a89f14,2026-02-11T10:13:12+00:00,SOLUSDT,40100.88401,1.999286
bc133754-8ee7-4c2a-9b9b-880d3eb60d26,2026-02-11T10:50:02+00:00,BTCUSDT,1764.99114,1.321843
9f433789-cb10-44ec-ae59-f645d7f21aeb,2026-02-11T10:05:31+00:00,XRPUSDT,16630.872846,2.050604
c3dc06a3-9d26-4c4c-a8cf-949ea3c814b2,2026-02-11T10:06:50+00:00,ETHUSDT,59780.574687,2.361417
1d123be2-18f4-4f91-9de7-d638091de794,2026-02-11T10:32:27+00:00,XRPUSDT,16607.247701,0.020788
36dcb567-b84a-4061-adb3-4fdbf79920f4,2026-02-11T10:59:02+00:00,BTCUSDT,1763.985875,1.740533
10abd92a-2816-4848-a5e6-5fdf3c5faa2f,2026-02-11T10:04:33+00:00,BTCUSDT,1766.256813,0.62555
660644f3-5ff2-48db-b3ba-e56712ad623c,2026-02-11T10:59:09+00:00,SOLUSDT,40180.290016,1.778445
c7c4f557-94b6-4723-85ca-4ca7ffe8b248,2026-02-11T10:50:13+00:00,SOLUSDT,40296.702721,3.335571
2100ef00-e6da-4e2b-804b-e0f5b57fbbab,2026-02-11T10:54:46+00:00,XRPUSDT,16604.61054,1.667892
18ac14c1-1151-4fa9-9367-4c6b09096278,2026-02-11T10:07:55+00:00,XRPUSDT,16611.928168,1.872305
55e5bce5-f17c-49fe-823f-81a4ab92e90e,2026-02-11T10:31:37+00:00,SOLUSDT,40077.422006,0.608561
8799029d-f123-47d8-a478-dbeb14f93c5d,2026-02-11T10:47:27+00:00,XRPUSDT,16601.169578,2.537039
ef296700-09af-49be-9f00-2907d7b6b731,2026-02-11T10:03:28+00:00,XRPUSDT,16645.389921,3.652309
7c7524d6-abd4-4ea7-a1da-d2518d4ecaa4,2026-02-11T10:17:20+00:00,XRPUSDT,16569.836596,1.849025
f094d542-572f-4013-9fa5-0e4e545d72c8,2026-02-11T10:14:45+00:00,XRPUSDT,16565.310334,1.163239
737aeb08-db42-4529-aad2-84021b4e2fe3,2026-02-11T10:22:12+00:00,ETHUSDT,59947.005241,2.511855
080b59ee-e69a-48e0-a102-8010d3742f90,2026-02-11T10:52:33+00:00,XRPUSDT,16597.230548,1.286215
f7289625-0d08-4778-9a41-dbea9455ff49,2026-02-11T10:02:24+00:00,SOLUSDT,40131.262526,3.785278
5d27d251-c70a-4104-90fa-546ae8b43e0e,2026-02-11T10:05:20+00:00,XRPUSDT,16634.491295,1.21739
a15ae9c4-333a-471a-89ca-919200fb1a19,2026-02-11T10:11:31+00:00,BTCUSDT,1764.596597,1.791868
5d4a00f1-b196-4d78-8ca9-af243de93a5e,2026-02-11T10:25:48+00:00,XRPUSDT,16598.37253,1.699434
8a38c88f-7a41-41f3-80c2-2c11c8d65cd5,2026-02-11T10:04:04+00:00,XRPUSDT,16646.110179,2.976898
7d1ea95d-c8ca-459e-ac7e-2cbc47fd9931,2026-02-11T10:44:27+00:00,SOLUSDT,40134.074913,1.073277
ff8ddc52-bd83-4f46-b013-0b3d3c7393bc,2026-02-11T10:32:34+00:00,ETHUSDT,60090.769719,1.698328
21a052b5-3725-4be6-9ab0-75824ee583e7,2026-02-11T10:08:20+00:00,BTCUSDT,1762.664517,1.136345
322994ab-17eb-42b5-ab30-51ddf6bcb0b7,2026-02-11T10:23:42+00:00,SOLUSDT,40154.785899,2.528132
dcd202ff-7302-428f-ab75-d00893e4be11,2026-02-11T10:58:08+00:00,BTCUSDT,1765.794181,3.284272
77339fbb-fa5f-4810-8a69-9699745a4278,2026-02-11T10:07:04+00:00,SOLUSDT,40155.776068,0.0
5a4f1751-0e62-478e-80d4-400ad5be7276,2026-02-11T10:39:28+00:00,SOLUSDT,40077.444538,3.221244
855c65d0-0aaa-4f70-8ee6-5844f0e37abc,2026-02-11T10:55:37+00:00,XRPUSDT,16613.850339,2.497121
82da76a5-37e9-4993-ab67-d95c0d13bc27,2026-02-11T10:47:45+00:00,SOLUSDT,40176.862052,3.27199
5cd105c0-5905-4fdb-ab7b-3f3d2a9eb1a6,2026-02-11T10:21:00+00:00,SOLUSDT,40096.902956,1.892285
9f137f44-8881-4bc4-8add-6c4be0b96e5c,2026-02-11T10:44:02+00:00,XRPUSDT,16591.632535,1.351787
ec908c1e-11d0-44fc-a640-d64c5756a175,2026-02-11T10:52:44+00:00,BTCUSDT,1767.435369,3.605714
1b6823ca-5319-47a3-a3b0-f0733d681365,2026-02-11T10:33:14+00:00,SOLUSDT,40084.520709,2.287743
9b60e058-51db-40b1-a8c0-86137dca6a86,2026-02-11T10:23:06+00:00,ETHUSDT,59948.786619,2.61217
1a5d7c82-8573-4e42-9f47-8024beb7bc8c,2026-02-11T10:56:09+00:00,ETHUSDT,60123.605237,2.376824
9acdcace-a419-4656-97d8-11e7f13b2460,2026-02-11T10:36:28+00:00,BTCUSDT,1766.964279,2.293207
cf647f8a-ea50-43b6-9840-f5d79b64e784,2026-02-11T10:00:50+00:00,SOLUSDT,40142.989959,3.319516
adfed93c-3c8d-4913-9486-985f4efb4236,2026-02-11T10:22:30+00:00,XRPUSDT,16596.010269,0.0
1e514f4d-ef88-4ebc-8aeb-eefb986560d6,2026-02-11T10:04:55+00:00,SOLUSDT,40127.097761,0.182535
9e298cd0-1fae-44db-8723-f38349cba024,2026-02-11T10:35:49+00:00,SOLUSDT,40089.323338,2.626727
656a5f53-821d-4715-8670-49173fdb95b9,2026-02-11T10:42:07+00:00,ETHUSDT,59997.726597,3.07885
fb3574ba-04be-4620-be71-e1a4e158130c,2026-02-11T10:46:44+00:00,SOLUSDT,40127.006575,3.046405
d8418c6a-de0f-4abb-9d75-eed165be2f85,2026-02-11T10:45:21+00:00,SOLUSDT,40152.347485,2.627975
d65aa34d-3a6e-4670-8fbd-2c93016e29f8,2026-02-11T10:05:16+00:00,ETHUSDT,59695.874853,1.826808
8ed80e94-5d17-4be4-bbf9-c92898909268,2026-02-11T10:21:46+00:00,SOLUSDT,40141.387055,1.676583
f5aa1936-0b58-487e-ac2f-f307e34672f6,2026-02-11T10:16:22+00:00,XRPUSDT,16563.461657,2.963953
b2e0e9bc-20cf-4c6c-8634-e4e9435578be,2026-02-11T10:39:07+00:00,SOLUSDT,40048.036439,3.417628
5960cd0a-b999-4717-a643-3de917290a69,2026-02-11T10:10:19+00:00,XRPUSDT,16609.88469,2.147607
1c8d8920-5107-4449-92a8-3788173caf5a,2026-02-11T10:33:32+00:00,XRPUSDT,16616.676097,0.659854
94b07f42-d1aa-43d1-9c42-eb8d9501c4cc,2026-02-11T10:06:10+00:00,XRPUSDT,16619.8651,0.796984
c1952168-218f-4376-8f9e-881e948ff53d,2026-02-11T10:45:32+00:00,SOLUSDT,40140.272795,1.373639
87478f4f-7c39-4487-bb73-fa43b7c382e3,2026-02-11T10:40:15+00:00,SOLUSDT,40031.676401,0.82404
533e0a30-057c-404a-8f25-34cd1fa4635d,2026-02-11T10:22:15+00:00,SOLUSDT,40174.35654,2.167278
57646529-8f93-44de-b737-45e84a425ce3,2026-02-11T10:02:42+00:00,BTCUSDT,1765.467886,3.476752
7e352bf7-5c23-4e19-9df2-c2d75fb24b4d,2026-02-11T10:25:40+00:00,BTCUSDT,1761.699398,2.508419
a6f22562-44fe-4289-bfc0-67ed512bca7a,2026-02-11T10:27:10+00:00,SOLUSDT,40115.626394,1.848688
841648f5-267a-4a2f-a97d-723d59f6ec9f,2026-02-11T10:31:15+00:00,BTCUSDT,,1.393629
6dfa633d-ddd3-411d-914f-a9c9d4dc286a,2026-02-11T10:49:22+00:00,BTCUSDT,1763.965848,1.288944
0f3da156-ea4a-4735-9e2c-9f7c4b30ad76,2026-02-11T10:43:48+00:00,BTCUSDT,1765.070804,0.811817
463ed033-2d15-4334-9e4a-d525930d4009,2026-02-11T10:00:39+00:00,SOLUSDT,40150.569456,0.610907
7ba7e0d9-045f-48a1-ad2f-d4222bf8e3fa,2026-02-11T10:12:50+00:00,XRPUSDT,16586.868261,0.866447
535ceed3-e108-4947-aee2-b102a0b34436,2026-02-11T10:20:38+00:00,XRPUSDT,16559.712835,1.778405
93535108-5891-4e19-bc4d-e1ea4856b9e7,2026-02-11T10:42:18+00:00,XRPUSDT,16571.686046,2.580052
2c284340-e2ea-433f-9bd7-c10787f0c340,2026-02-11T10:43:30+00:00,BTCUSDT,1766.553147,1.279019
d43c259b-7108-4d2c-954c-e3b5e84e49c6,2026-02-11T10:08:49+00:00,XRPUSDT,16603.831364,2.62099
c74209e1-876b-488d-89fb-b7fe1903f1e4,2026-02-11T10:17:56+00:00,ETHUSDT,59820.357005,1.108242
0f505901-0567-488b-b61c-69c052b0dd1b,2026-02-11T10:16:58+00:00,ETHUSDT,59788.175997,0.206954
04138690-38d0-4d88-95df-580eba46b379,2026-02-11T10:45:00+00:00,ETHUSDT,60144.138774,2.132987
99fc5d52-8179-47d1-a008-f304a60b1a53,2026-02-11T10:24:43+00:00,ETHUSDT,59946.159949,0.0
e03c79ed-ea02-48b9-a159-dcdf7934f863,2026-02-11T10:38:02+00:00,SOLUSDT,40052.626747,2.738113
4ce3a1c0-b8e6-41c0-b157-515cbae16923,2026-02-11T10:48:00+00:00,ETHUSDT,60143.085463,1.857883
5419169e-4cb1-4b03-8169-c9ac1cb787f9,2026-02-11T10:44:45+00:00,XRPUSDT,16596.648695,1.477778
5e2de6b5-730e-452b-ab8f-c34ad06ca150,2026-02-11T10:53:27+00:00,BTCUSDT,1768.021657,0.565201
dc8b40b3-250e-40e4-80d2-6555df20da02,2026-02-11T10:44:24+00:00,SOLUSDT,,2.20519
044fd0ad-504b-419b-bbfa-bcfb87a974b2,2026-02-11T10:10:22+00:00,SOLUSDT,40145.146633,0.634784
ef5dac16-b9c8-4923-a46d-a1408d9ea658,2026-02-11T10:54:57+00:00,BTCUSDT,1768.154893,1.500183
0b7cdfac-8cf2-4121-bb83-5160873b6f0d,2026-02-11T10:34:01+00:00,BTCUSDT,1766.838635,1.347607
93934ad5-571a-4ee6-acac-66e993b53530,2026-02-11T10:13:33+00:00,SOLUSDT,40117.985172,1.219836
838c420b-38f4-43f0-be7e-da555434b394,2026-02-11T10:18:18+00:00,ETHUSDT,59824.613349,1.025645
3751c6fe-4fda-4930-b431-dda86d738892,2026-02-11T10:01:51+00:00,XRPUSDT,16646.427653,1.640583
b80c5240-843d-44a2-a8e8-caa6982677bc,2026-02-11T10:31:22+00:00,XRPUSDT,16625.791577,2.392224
c1e27b46-173e-47ca-840f-8c22666279b4,2026-02-11T10:57:28+00:00,SOLUSDT,40169.762625,2.597513
4c7355a7-ba79-432a-846d-2f06c965769a,2026-02-11T10:36:00+00:00,BTCUSDT,1766.558215,3.651645
b65497bf-116f-4fc7-97eb-d5193850fb2f,2026-02-11T10:17:06+00:00,ETHUSDT,59819.770678,2.800736
a6aeb850-84e7-4d5b-aea2-cf48533a2102,2026-02-11T10:28:44+00:00,ETHUSDT,60016.483291,1.205925
acd120ce-c40e-4307-8839-b516df7a1940,2026-02-11T10:37:30+00:00,ETHUSDT,60091.685448,2.307314
33be0e07-778e-4da6-bda5-14a147546d7f,2026-02-11T10:55:04+00:00,XRPUSDT,16612.138155,1.608863
3968bafe-ffdd-47d5-bac3-1681f7b7a2c0,2026-02-11T10:55:58+00:00,ETHUSDT,60091.111751,2.688307
1013c771-1c1b-4fd6-80b9-57f67d34be7f,2026-02-11T10:06:57+00:00,BTCUSDT,1765.572672,2.024353
4db78cfc-8e4e-48f0-82f9-f100d7ea058b,2026-02-11T10:56:56+00:00,XRPUSDT,16638.108697,1.885247
fbf44410-2f49-4f2b-9566-40e997774eee,2026-02-11T10:37:44+00:00,SOLUSDT,40049.663198,0.094605
544cb4e4-d5d1-4240-b610-00dc2455607a,2026-02-11T10:21:39+00:00,BTCUSDT,1759.76478,1.909945
71639800-db76-4c49-9118-87ddf4fb3531,2026-02-11T10:05:42+00:00,ETHUSDT,59662.279507,0.902775
30323552-0097-4623-80c2-22c2e952026b,2026-02-11T10:15:39+00:00,BTCUSDT,1767.553721,2.737593
0976bc7a-de5c-461b-9d9a-ac00b2dc8b73,2026-02-11T10:38:24+00:00,BTCUSDT,1763.646483,3.632632
92d278ae-b7cd-420e-ab7c-378a7fd4bb35,2026-02-11T10:30:25+00:00,BTCUSDT,1763.971121,2.688791
79cd8c6e-8e23-488a-a1bf-9036ffeefa1f,2026-02-11T10:34:44+00:00,BTCUSDT,1766.12579,0.763006
bf77cf3e-090f-4144-ac9c-b7922a969b77,2026-02-11T10:30:32+00:00,ETHUSDT,60080.134773,2.157318
98b2f114-5f47-4621-8ca5-3f0e78e7835a,2026-02-11T10:06:07+00:00,ETHUSDT,59766.165499,2.644021
75a592e6-9702-4194-907d-690906ca65cc,2026-02-11T10:03:43+00:00,ETHUSDT,59886.463881,0.114284
a3a437e4-25d2-4790-ac7a-db0556776cc6,2026-02-11T10:12:14+00:00,BTCUSDT,1768.4846,0.740044
6ead4323-037c-40c3-b9fe-80a6c0187232,2026-02-11T10:28:58+00:00,XRPUSDT,16635.226311,2.704905
c5accf60-d739-44fe-8004-037394243654,2026-02-11T10:41:27+00:00,BTCUSDT,1762.332937,2.275402
1a47da89-f6df-486d-9997-65729384dd03,2026-02-11T10:11:02+00:00,ETHUSDT,59745.456226,2.524437
b0039f3d-bd1d-45f6-8c48-fd6546b15ca4,2026-02-11T10:40:58+00:00,XRPUSDT,16549.792443,2.550954
e061eb44-cd72-472d-b90f-05bfaa72a598,2026-02-11T10:55:26+00:00,SOLUSDT,40117.438422,2.057479
6f9dbbfb-8e5a-419c-8e05-a1d9d2a2eeae,2026-02-11T10:05:27+00:00,XRPUSDT,16629.553529,0.631975
a6290b75-fb66-4c21-9838-79bef5aba7f4,2026-02-11T10:56:49+00:00,SOLUSDT,40180.273744,2.468298
5220e198-9e18-42ff-90b5-6312702dbf39,2026-02-11T10:42:46+00:00,XRPUSDT,16585.546125,1.255378
845a92b1-07d0-439a-b965-91bd6cc639ee,2026-02-11T10:46:33+00:00,ETHUSDT,60222.643682,3.431196
7bad1794-60b4-47d4-8522-aa86a7257ee2,2026-02-11T10:54:03+00:00,ETHUSDT,60135.379014,2.618946
61f0209e-cb9b-4492-8e19-e7d5e5cba96e,2026-02-11T10:44:06+00:00,SOLUSDT,40120.463222,1.649544
1dd666ec-31a7-451d-8e74-78bf492e5aa7,2026-02-11T10:24:39+00:00,BTCUSDT,,1.990862
cc2cfb64-cc23-4de3-9968-ac9c59469cc6,2026-02-11T10:20:45+00:00,XRPUSDT,16563.842895,1.204935
cbe0a32f-28bf-4b9b-93f4-751da3292a06,2026-02-11T10:34:55+00:00,XRPUSDT,16582.102243,2.079879
4320723d-7c89-49e5-92b4-303e0e2d2e20,2026-02-11T10:49:08+00:00,BTCUSDT,1765.210399,0.734766
0b4f6f38-83bd-436d-ba77-86333a011b0a,2026-02-11T10:01:44+00:00,XRPUSDT,16639.415267,3.253834
ac507326-a5f9-406b-b60f-e1d2c1c69887,2026-02-11T10:03:14+00:00,XRPUSDT,16652.023287,2.199284
4e33880f-364d-443c-bd12-382a50c79c46,2026-02-11T10:29:42+00:00,ETHUSDT,60061.074131,2.950731
276d6f1f-5f89-4298-8b9d-00f8a8e85332,2026-02-11T10:02:20+00:00,SOLUSDT,40154.099421,1.70794
3ba939b9-35f0-4ff6-8b84-380ffd617862,2026-02-11T10:09:25+00:00,SOLUSDT,40178.390323,2.042556
d53c35f3-c8eb-45ea-8422-1a524dcf40cd,2026-02-11T10:47:52+00:00,ETHUSDT,60151.52566,1.504307
728a5839-24fa-4c87-80c2-6cd1f5a2947d,2026-02-11T10:08:45+00:00,SOLUSDT,40183.106602,2.232742
d7be7f42-d168-4d32-ae0c-055a2f7569e1,2026-02-11T10:13:15+00:00,XRPUSDT,16583.246089,2.078866
b2b21582-7a60-4153-98f0-e843c70340b6,2026-02-11T10:56:24+00:00,BTCUSDT,1767.399015,2.544315
f3a4ef81-6d8e-472d-a2dd-69375a403342,2026-02-11T10:56:38+00:00,BTCUSDT,1768.065189,1.266671
b1d487ef-7ff1-4453-b39e-2d5257109c6a,2026-02-11T10:36:25+00:00,BTCUSDT,1766.001595,1.681618
d0c8a13f-b57a-4710-96ad-40eb13b5e8bb,2026-02-11T10:45:54+00:00,BTCUSDT,1767.157986,2.358674
14188752-d625-4b15-aebb-a57c4523a57c,2026-02-11T10:23:38+00:00,ETHUSDT,59974.628529,2.527995
1a46edf7-45a8-4341-b127-ab9352ef69e3,2026-02-11T10:03:07+00:00,XRPUSDT,16661.854219,1.959079
d942b023-b519-40c3-8f5e-ebaf19f3b7f4,2026-02-11T10:57:07+00:00,XRPUSDT,16646.14294,3.10358
34a2d7d6-7d5a-43ba-89d7-875e6b5c1c81,2026-02-11T10:34:15+00:00,ETHUSDT,60122.639147,1.65826
d62863fa-b4bb-4e4d-96c7-3e4c2c8af289,2026-02-11T10:21:32+00:00,XRPUSDT,16576.469321,1.067897
2c0ec1a4-c678-410f-b310-04ab57045074,2026-02-11T10:30:43+00:00,XRPUSDT,16604.782475,2.418766
99610ea0-bc0a-4a90-9fb8-367f67595bbd,2026-02-11T10:24:07+00:00,SOLUSDT,40166.597196,3.891827
71eee30b-28a4-46a7-b16f-57656421c1e4,2026-02-11T10:52:01+00:00,XRPUSDT,16589.38145,1.514274
f3b11ea0-3fa6-4fc8-91ce-697055cb2def,2026-02-11T10:25:15+00:00,SOLUSDT,40094.215816,2.656101
45b6a0a2-5305-4702-9f9c-575a310c5bf3,2026-02-11T10:26:52+00:00,XRPUSDT,16597.474321,1.721342
238df340-509b-41dd-bdab-9df4db25e712,2026-02-11T10:09:54+00:00,ETHUSDT,59681.297317,1.980073
2fea82c7-bd15-4c9f-a32b-61f5eb672020,2026-02-11T10:17:02+00:00,SOLUSDT,40076.453941,3.260674
e3dbd408-2889-4d38-97dd-97653e3a860c,2026-02-11T10:04:48+00:00,SOLUSDT,40147.947803,2.427285
9225a9d0-1f13-460f-b167-bcb870397251,2026-02-11T10:13:37+00:00,ETHUSDT,59737.726783,2.647517
7a428300-6efd-4a35-b8c3-286dc44439b7,2026-02-11T10:26:49+00:00,BTCUSDT,1763.684028,2.013212
c2a893b4-7e81-4471-9168-a61b433ff983,2026-02-11T10:21:10+00:00,BTCUSDT,1761.550113,2.058701
7e478b13-1ffb-47d6-b294-51bd17004974,2026-02-11T10:18:36+00:00,ETHUSDT,59849.427744,2.363245
58420fad-0d1f-46f9-81eb-9dd0a74457ff,2026-02-11T10:50:31+00:00,SOLUSDT,40313.942028,2.633694
a4182ba3-163f-4da8-8c8f-7e33f1ac53bd,2026-02-11T10:15:32+00:00,BTCUSDT,1766.678173,2.339061
0bb29208-ac9c-4b14-a5a5-7f6be799fd18,2026-02-11T10:19:22+00:00,ETHUSDT,59930.011427,1.056807
1a4ac2f2-9c96-4b05-b3e4-0d642fc01fc8,2026-02-11T10:00:32+00:00,BTCUSDT,1766.157907,3.758559
4b64222b-f7a8-4760-ae95-238ad44b4eb3,2026-02-11T10:41:02+00:00,BTCUSDT,1761.175067,1.834343
fec5a901-4327-4444-b4cd-88f16f3d27a8,2026-02-11T10:57:39+00:00,XRPUSDT,16654.953858,3.56555
acc7a2f6-1081-48b1-86cd-44e2076a232d,2026-02-11T10:01:48+00:00,ETHUSDT,59835.037399,1.259918
d5c20719-fd70-42cc-907e-340eb646778d,2026-02-11T10:47:38+00:00,BTCUSDT,1766.156061,1.758085
310c8fff-35fb-4816-b7a1-40f8326e9058,2026-02-11T10:10:44+00:00,XRPUSDT,16587.742304,1.60638
9a353c36-5705-4b47-bf2e-7740f4618b25,2026-02-11T10:01:37+00:00,ETHUSDT,59870.723238,0.377464
5e3c987e-c6cd-4b87-95e0-42d65d7de97b,2026-02-11T10:01:58+00:00,SOLUSDT,40157.521923,2.0375
7ab48f86-38f5-4417-9592-ef14abff3e50,2026-02-11T10:20:02+00:00,ETHUSDT,59941.874148,3.728622
4cdf46c8-0fe7-4a03-ab08-e412d1dd5348,2026-02-11T10:47:13+00:00,BTCUSDT,1767.522679,0.60094
b007ae65-8457-404a-80a6-4f8b447d7b84,2026-02-11T10:57:50+00:00,SOLUSDT,40156.02856,2.516917
974a0934-d12f-46be-925f-d3b60e47afed,2026-02-11T10:11:49+00:00,ETHUSDT,59789.777474,1.186688
9603e7d2-3f85-46be-aa40-482ffd9c7648,2026-02-11T10:47:42+00:00,SOLUSDT,40159.693836,2.059238
ce9a31f1-d6ff-43c4-9bbe-9b5abfccb420,2026-02-11T10:23:31+00:00,SOLUSDT,40146.388787,2.987911
f24a8dee-aa40-43d2-adbc-f6191e53d929,2026-02-11T10:52:04+00:00,ETHUSDT,60142.926038,0.512615
10f13d6d-ebf9-4e53-b369-184bdc77e7a2,2026-02-11T10:53:56+00:00,SOLUSDT,40205.344067,0.751774
6477939e-7da3-4efe-8169-cb1937e0eba4,2026-02-11T10:38:09+00:00,SOLUSDT,40030.274554,1.70712
a31e03b5-f7cb-43af-a8d8-ea704e705391,2026-02-11T10:32:13+00:00,BTCUSDT,1763.027042,3.009
c632f254-a578-4a2d-8e5b-2044e0682512,2026-02-11T10:30:36+00:00,BTCUSDT,1765.147063,1.691254
d0ab3b5a-50cf-4bb5-acee-298e7ec6aacc,2026-02-11T10:07:19+00:00,BTCUSDT,1764.771237,1.83419
41df420f-6dfb-4b2d-b28b-3f000e1a4888,2026-02-11T10:22:40+00:00,SOLUSDT,40156.29373,0.0
1145138c-c8e8-4d84-b52b-fdcf99665898,2026-02-11T10:02:16+00:00,XRPUSDT,16653.687608,1.390732
d6363159-ac58-4f64-9b6d-af6567032398,2026-02-11T10:33:03+00:00,BTCUSDT,1764.958328,2.875423
007630c0-3f9e-4d67-9b41-2a71e1e90891,2026-02-11T10:31:40+00:00,XRPUSDT,16614.634782,2.547446
9155915c-50fb-45cc-b815-28d212d38908,2026-02-11T10:09:43+00:00,XRPUSDT,16602.647756,2.377471
d3b72fff-9e7c-4005-aa7a-da70a2d6e12e,2026-02-11T10:04:01+00:00,BTCUSDT,1766.553712,3.056089
e566c2fb-6d47-450d-9f23-3f747ab6c6e9,2026-02-11T10:07:26+00:00,SOLUSDT,40186.555182,1.720374
a86582c9-dd80-4ac7-b108-a3b119337d9c,2026-02-11T10:00:14+00:00,ETHUSDT,59902.57079,2.75767
13555339-11e1-4367-8000-71ed012f1876,2026-02-11T10:41:56+00:00,XRPUSDT,16580.209212,3.6187
70728fdc-cb1e-46f1-805a-3c74eaf6ed0b,2026-02-11T10:45:50+00:00,ETHUSDT,60166.026273,2.717469
a3f3bbf3-cdf0-412f-b7a3-95fd563c4d2d,2026-02-11T10:25:37+00:00,SOLUSDT,40100.406201,0.939826
16821a3b-7fa8-4d52-90e4-3583933050d9,2026-02-11T10:55:08+00:00,BTCUSDT,1767.933405,1.269487
06727e49-aaa0-440d-a997-5bdb249f6e0f,2026-02-11T10:45:18+00:00,XRPUSDT,16586.728094,1.19384
c8c18037-8096-438e-a5dd-f444978ee77f,2026-02-11T10:30:21+00:00,XRPUSDT,16621.981398,1.894603
f13ef068-7236-475e-9ea9-ca35ca582386,2026-02-11T10:54:43+00:00,XRPUSDT,16606.198334,2.843896
a8d7e7d8-a880-49c2-abca-f147fcf0a0b9,2026-02-11T10:23:56+00:00,XRPUSDT,16594.913854,1.150683
278bdbc6-1dc8-48de-b8ec-2811d9806290,2026-02-11T10:57:00+00:00,BTCUSDT,1767.160175,1.748244
73edb6bb-e5bc-4a93-845f-f615309d9d0c,2026-02-11T10:21:07+00:00,XRPUSDT,16563.697299,0.668472
6bd09016-c357-408c-bb1e-9faba1c6aada,2026-02-11T10:50:38+00:00,ETHUSDT,60152.12878,3.529627
27f6a2f8-96d0-42f5-bf67-d0be1abe38d1,2026-02-11T10:42:14+00:00,BTCUSDT,1765.464274,3.992726
fa60d92d-7906-41b5-975f-e62777b7ac62,2026-02-11T10:15:36+00:00,BTCUSDT,1766.964835,2.423674
40492067-635e-42cd-8a55-a2f0b4d6f0f5,2026-02-11T10:19:58+00:00,BTCUSDT,1761.01425,2.361917
ed8378f5-a1de-4087-bc31-1e6d3a40e8e2,2026-02-11T10:09:10+00:00,SOLUSDT,40174.864084,2.249478
98408ceb-5d85-4e86-ac36-801b2165321f,2026-02-11T10:23:45+00:00,BTCUSDT,1759.879555,1.013048
b6933d52-e1fe-4f1f-a405-0aec711316b2,2026-02-11T10:30:03+00:00,XRPUSDT,16642.396358,0.533181
8c0f71b6-ee6b-4aee-a207-69d28fdd9887,2026-02-11T10:22:22+00:00,BTCUSDT,1759.191611,3.153705
fcd80831-f4c2-42cf-8822-70637a024775,2026-02-11T10:18:43+00:00,XRPUSDT,16575.514942,1.615528
3c2ff21b-33f3-4c20-b052-c553c4e08182,2026-02-11T10:02:31+00:00,XRPUSDT,16661.587897,4.241298
40c0bfe8-8b11-41c8-b7cd-6c90ee61d8e9,2026-02-11T10:45:46+00:00,SOLUSDT,40126.880889,3.591891
b30b1bd0-5ae0-47f0-803e-5789f02f7402,2026-02-11T10:31:19+00:00,ETHUSDT,60136.556825,1.457841
10a1637d-0c12-47e6-b171-186b7cd868d8,2026-02-11T10:54:07+00:00,XRPUSDT,16621.969893,0.254726
ce342dbc-5e3d-4ec7-a1f3-e7298d160a18,2026-02-11T10:51:03+00:00,BTCUSDT,1764.633825,1.198664
09134c55-d291-4f94-81d5-dc54c0e29180,2026-02-11T10:48:25+00:00,XRPUSDT,16591.26928,1.792241
771fa910-2512-4f03-883a-e83715f93358,2026-02-11T10:43:37+00:00,SOLUSDT,40115.98823,1.321892
347df177-f715-4115-b8d6-41daa636b7f6,2026-02-11T10:50:27+00:00,SOLUSDT,40283.386963,2.267909
c7fee95f-edf9-4970-b67f-868f8baaa987,2026-02-11T10:39:00+00:00,XRPUSDT,16548.755742,1.420731
c902719f-b3b4-4125-add9-6530f7bd29fa,2026-02-11T10:47:49+00:00,XRPUSDT,16600.782128,1.42702
68b6b9b8-b618-45c4-a684-bac9e556e890,2026-02-11T10:46:22+00:00,XRPUSDT,16589.101703,1.676066
6a4758c4-8e99-4e39-8e8f-e5cf4d22bfde,2026-02-11T10:53:13+00:00,XRPUSDT,16616.847219,3.347986
00492e2d-4423-47aa-8cd8-64da98f77640,2026-02-11T10:26:42+00:00,XRPUSDT,16602.149185,1.597214
d861d345-4406-42fc-b08e-dae86e15cf72,2026-02-11T10:16:19+00:00,XRPUSDT,16568.658289,1.741245
111f0245-eac2-4903-b3fd-da8fc312be88,2026-02-11T10:52:55+00:00,XRPUSDT,16606.803215,1.948871
ae4fe7ab-82cb-4710-9fe8-9744821c1934,2026-02-11T10:31:08+00:00,BTCUSDT,1762.569655,1.129888
3912f9ad-cc3a-4af8-a95b-fa3f387a3d7e,2026-02-11T10:22:37+00:00,BTCUSDT,1758.454021,2.734612
a772c86c-b643-496e-9e61-5f16021b2b14,2026-02-11T10:29:52+00:00,ETHUSDT,60062.677256,0.0
145e9b7e-cc0d-402c-819f-fe50821cc8a1,2026-02-11T10:55:55+00:00,SOLUSDT,40135.810569,2.655056
597e903a-72f0-4951-8444-9cc70df208fa,2026-02-11T10:49:30+00:00,ETHUSDT,60086.090816,0.971828
72852702-50f2-4ded-b83b-39a6ddde50b9,2026-02-11T10:37:55+00:00,BTCUSDT,1762.715553,2.451038
b4ba5ce4-00d2-4b44-bc3a-89909b52f672,2026-02-11T10:05:49+00:00,ETHUSDT,59695.007494,2.903295
6bd7e472-3661-4cf1-a2ea-67188ea8c0be,2026-02-11T10:07:40+00:00,ETHUSDT,59776.512214,1.44848
a7119ac0-4538-4b60-9d03-61f94a85c164,2026-02-11T10:32:38+00:00,SOLUSDT,40071.660487,2.325259
7fac0076-3e03-4f2e-b13a-9dd75c5bba13,2026-02-11T10:22:44+00:00,BTCUSDT,1757.804264,1.19217
4f6d32e4-7503-4ef3-b290-c310f98844be,2026-02-11T10:12:10+00:00,BTCUSDT,1767.610168,1.615454
f819b101-c2a9-4006-bbfc-3dc52b6e16b9,2026-02-11T10:20:34+00:00,SOLUSDT,40072.101113,0.247655
33a5ff90-b820-453c-a5e2-dfeb0320670d,2026-02-11T10:43:58+00:00,SOLUSDT,40106.104543,1.516135
9a12b016-c09d-42cf-a439-46633ce18f0a,2026-02-11T10:51:57+00:00,SOLUSDT,40351.777789,2.556513
6b53c292-09ae-441f-97a7-48075a200615,2026-02-11T10:31:04+00:00,BTCUSDT,1763.853284,1.201694
5221e25e-0fc3-446c-848d-65a12654723f,2026-02-11T10:47:02+00:00,SOLUSDT,40128.406618,3.587848
38653a7d-0044-4379-9a80-a9aeae5c09f4,2026-02-11T10:29:16+00:00,BTCUSDT,1764.074415,4.482616
8e26914e-2285-4ab9-9c30-78bb65023ad1,2026-02-11T10:14:13+00:00,XRPUSDT,16584.629216,1.819193
163c385d-32ea-4dcf-819d-a4892c6bf3a0,2026-02-11T10:32:56+00:00,XRPUSDT,16634.220759,0.0
42a0b267-a6d3-41e2-8f3b-f41c78305df0,2026-02-11T10:24:00+00:00,ETHUSDT,59932.179221,2.187226
d8db60de-f827-46af-a610-174171759770,2026-02-11T10:34:12+00:00,SOLUSDT,40077.441904,2.031211
c2b28670-8ffd-4d38-90f8-45d191a21771,2026-02-11T10:13:55+00:00,XRPUSDT,16578.423424,2.010728
341cd13a-7ac9-424f-a5a0-5c5c2c07fc00,2026-02-11T10:26:31+00:00,SOLUSDT,40075.486947,2.755348
49be8cdc-a620-43da-8c67-b5bf2a262223,2026-02-11T10:05:52+00:00,ETHUSDT,59694.454521,1.57797
ad12ea6d-ece6-4474-bea3-053f8c8797f9,2026-02-11T10:52:48+00:00,SOLUSDT,40252.723798,3.336009
5c6ba326-4c54-440f-b193-26b3a4871eb9,2026-02-11T10:58:58+00:00,SOLUSDT,40173.865648,1.621698
2958f689-fec4-4762-8533-64866ad50a6e,2026-02-11T10:30:39+00:00,XRPUSDT,16617.556617,1.448628
1f1b337c-92b8-4123-8ef9-ed8c77303138,2026-02-11T10:41:52+00:00,XRPUSDT,16568.948933,2.001193
1b24ef0e-a8d4-4502-90d3-bdc6655c4b3c,2026-02-11T10:13:01+00:00,BTCUSDT,1767.516876,2.34473
c1d55aef-e3bd-4dd4-96e5-c7e6212b3068,2026-02-11T10:21:36+00:00,ETHUSDT,59979.913541,1.900596
36d29cc5-0482-4ce3-a580-9d0051f56b18,2026-02-11T10:33:28+00:00,XRPUSDT,16613.185572,1.2923
c042fab1-a3f4-42b0-ab5b-726efa9ba79a,2026-02-11T10:44:34+00:00,ETHUSDT,60122.870329,3.333982
d3d8b246-7c8e-4e3e-8953-eae01eb73d6f,2026-02-11T10:57:46+00:00,BTCUSDT,1765.288937,2.623375
acea385a-d35b-44e9-af80-46739aee4810,2026-02-11T10:13:30+00:00,SOLUSDT,40103.382197,3.891099
4a2df192-1ab5-4928-932d-d46a4a39aa25,2026-02-11T10:01:04+00:00,BTCUSDT,1767.153639,1.552834
f073feef-dda3-4fc5-8488-1aedcec0254c,2026-02-11T10:10:04+00:00,ETHUSDT,59677.741193,1.421497
fcb69827-d525-4f75-8215-b05324484e93,2026-02-11T10:17:31+00:00,SOLUSDT,40065.762911,3.234396
b07f1050-41b6-4b86-bbf0-adc623bdf86e,2026-02-11T10:36:43+00:00,XRPUSDT,16577.75473,0.588762
396f40c8-6153-49fe-a00a-e89fdd5bd451,2026-02-11T10:23:49+00:00,XRPUSDT,16604.257266,2.3323
dc67df66-ed76-496b-ae54-eeac6595eecf,2026-02-11T10:32:24+00:00,ETHUSDT,60104.489275,1.484005
12dd2eec-8698-4117-977c-dafff3db7530,2026-02-11T10:19:40+00:00,BTCUSDT,1761.162501,2.584395
46a64160-c8d6-45cf-aae1-e95116ae321e,2026-02-11T10:46:48+00:00,XRPUSDT,16597.818341,0.738646
46472457-d1d1-4289-bacb-09a3cdbb37a3,2026-02-11T10:37:51+00:00,ETHUSDT,60086.737494,2.325555
4860c46c-f8ee-452d-91f1-894b7b7d3770,2026-02-11T10:05:34+00:00,ETHUSDT,59688.98764,1.383789
b6b0cbb1-2af5-4f7f-b999-7da54f007c7b,2026-02-11T10:12:46+00:00,SOLUSDT,40079.788645,3.704713
45d77cfe-402d-4e0b-b5db-4aca003e6391,2026-02-11T10:20:13+00:00,ETHUSDT,59985.598044,0.839201
1c32d6a5-2aff-4c5a-bcfa-94095d185268,2026-02-11T10:25:30+00:00,SOLUSDT,40084.313511,1.28644
6b6bfbe6-7c8f-4a05-85ed-bea17d4f0047,2026-02-11T10:48:28+00:00,XRPUSDT,16585.462034,2.917184
69881220-6d2a-4f52-b40e-2cd2207fdbcb,2026-02-11T10:06:54+00:00,XRPUSDT,16624.372734,0.656648
67225986-e98d-4426-a11c-838ef5ff7fd2,2026-02-11T10:09:28+00:00,SOLUSDT,40180.105283,1.758641
a4fbd8ac-4e64-4be4-8fe1-08f119837f5e,2026-02-11T10:59:38+00:00,ETHUSDT,60144.719453,2.246409
6097aa27-844b-443d-9b0b-aaef8d3544b2,2026-02-11T10:06:43+00:00,ETHUSDT,59741.580242,1.06242
1eed5151-f2df-474d-9c59-eaffd554dab0,2026-02-11T10:02:09+00:00,ETHUSDT,59893.637365,2.381549
18c97f24-fd46-45fc-9401-b54882d294fa,2026-02-11T10:06:18+00:00,SOLUSDT,40095.512596,1.179156
264f0426-1f44-4a4b-8aee-5144b60e420b,2026-02-11T10:21:43+00:00,ETHUSDT,59993.285672,0.981164
4bea654c-9952-47ff-9016-55ef3e419b41,2026-02-11T10:21:54+00:00,BTCUSDT,1760.082926,2.039262
5b9a48ea-b181-4608-b953-08996dde2fe8,2026-02-11T10:26:27+00:00,ETHUSDT,59936.445009,3.975822
0b18887c-9331-46ef-aba9-cfc78e5784d9,2026-02-11T10:33:54+00:00,BTCUSDT,1765.454954,4.21705
c47a9319-8671-4c7e-a389-73942a7b8391,2026-02-11T10:21:03+00:00,ETHUSDT,60017.028254,2.363377
cb25ef84-0ca6-4008-a434-5aef1872c1ea,2026-02-11T10:58:40+00:00,BTCUSDT,1764.965536,1.161628
03401b15-75c8-4f93-a5b2-bab364d2ccc6,2026-02-11T10:14:56+00:00,ETHUSDT,59758.162743,3.295355
4cc7e1d1-e1ec-4830-97f9-13b069db9fa9,2026-02-11T10:51:14+00:00,BTCUSDT,1765.824483,1.860363
2a2f79ae-9439-4963-909d-bb6eedfc3233,2026-02-11T10:48:03+00:00,SOLUSDT,40153.483986,2.628403
f8e7578b-e826-4abf-8307-f6f508e4246a,2026-02-11T10:24:21+00:00,ETHUSDT,59941.587381,0.0
bc31a079-5b1a-46a7-84e4-675447dfaa3b,2026-02-11T10:51:28+00:00,SOLUSDT,40343.578404,4.395239
835cc633-7824-4227-aa6d-b5a6ddb4313f,2026-02-11T10:09:50+00:00,XRPUSDT,16608.823023,0.824943
603ddf8f-6df5-4b27-9b45-c81a2634fc1f,2026-02-11T10:52:51+00:00,ETHUSDT,60157.817756,2.01855
56875980-af24-4c42-8733-9321080ad489,2026-02-11T10:49:04+00:00,SOLUSDT,40286.717714,2.054707
933426f5-3046-420e-b89f-1219ced53cf8,2026-02-11T10:49:58+00:00,XRPUSDT,16583.432449,0.758524
df091555-eff9-4d53-854d-1a24a796cefd,2026-02-11T10:04:58+00:00,XRPUSDT,16633.909284,2.705086
2c47fb5b-8643-4be4-979a-9c0ad29ee3ae,2026-02-11T10:42:10+00:00,XRPUSDT,16569.818633,2.222228
e80ceeb6-96f8-4ee4-9912-faff31fc7378,2026-02-11T10:17:42+00:00,SOLUSDT,40011.818918,0.847359
ace51783-1f72-4b27-9b22-456ad6736db0,2026-02-11T10:04:12+00:00,XRPUSDT,16651.192347,2.350726
bfa2ac39-b68c-4d82-9f9b-678df9a20d6a,2026-02-11T10:36:36+00:00,BTCUSDT,1765.882872,2.280206
e49c377a-fd9d-4c93-8165-413e593e279a,2026-02-11T10:40:08+00:00,XRPUSDT,16551.67261,0.526662
794389a7-a155-408c-a8ec-aa9c02868988,2026-02-11T10:55:40+00:00,ETHUSDT,60084.752521,2.751472
001fd893-80f2-4682-9ec9-cc878c76d7a9,2026-02-11T10:52:08+00:00,SOLUSDT,40330.633635,1.785245
3185e12a-1e4f-4c7f-950c-8c498d2a9508,2026-02-11T10:57:10+00:00,BTCUSDT,1766.937012,2.011985
aa402ca5-523b-486d-b771-e0b229a17b92,2026-02-11T10:48:57+00:00,BTCUSDT,1764.405094,1.200425
b01ea040-a11c-469a-babd-f745c6dc3e8c,2026-02-11T10:07:37+00:00,SOLUSDT,40191.851893,0.0
1d503a89-9fea-4901-8eda-554be93788a6,2026-02-11T10:53:16+00:00,BTCUSDT,1767.714263,2.019543
c49c2990-0aac-4202-8222-2c93392bdf85,2026-02-11T10:00:03+00:00,XRPUSDT,16606.41155,1.331025
1d12382b-ebab-452a-a2f4-452ee7e95b7f,2026-02-11T10:51:10+00:00,XRPUSDT,16592.743377,0.389483
12828899-b71a-4238-a7aa-5d7c03e6b74e,2026-02-11T10:32:20+00:00,XRPUSDT,16616.530337,2.500345
d8ac713d-47fd-4d6d-8d4e-ffe5624634de,2026-02-11T10:36:03+00:00,XRPUSDT,16576.498797,0.623433
8e129a06-193f-4744-93b8-782226b81ff8,2026-02-11T10:18:28+00:00,XRPUSDT,16599.448117,2.082722
28d07d1a-4783-4120-b8d6-5d659dd40f94,2026-02-11T10:35:06+00:00,SOLUSDT,40088.3722,2.127556
946d15f2-8959-4748-8c08-884873b721af,2026-02-11T10:24:36+00:00,BTCUSDT,1761.271928,1.00521
559010a0-8ef7-46c8-93ed-058731bfcc54,2026-02-11T10:10:15+00:00,ETHUSDT,59722.80051,2.53123
77ab8241-0794-4719-ba0f-293b5278cb38,2026-02-11T10:25:01+00:00,XRPUSDT,16589.185367,1.641548
09a9b5e9-b120-402d-a201-fa75c016bc19,2026-02-11T10:46:04+00:00,BTCUSDT,1768.301725,3.405754
15d1e26e-2670-4254-962f-3e9e80394db1,2026-02-11T10:41:31+00:00,SOLUSDT,40063.105134,0.94475
3a832c19-7f7b-4f1b-9c2f-07a0b5db3cb9,2026-02-11T10:36:10+00:00,SOLUSDT,40082.285047,0.908188
e972f8b1-8f9a-40ce-98ff-f80c5508a159,2026-02-11T10:27:36+00:00,ETHUSDT,59995.742203,2.316749
25bec6ad-4753-49d1-87b8-60d9b5fdcc16,2026-02-11T10:52:15+00:00,ETHUSDT,60126.76853,3.015251
5f22d29c-5061-47af-908d-56c4f4ae1faf,2026-02-11T10:38:13+00:00,ETHUSDT,60091.787038,0.737717
54f27e0f-950f-4661-aec3-1d7436be2900,2026-02-11T10:25:22+00:00,BTCUSDT,1762.363259,2.730416
8d82d480-e57b-411a-82a0-5a53480c3f0a,2026-02-11T10:18:54+00:00,XRPUSDT,16580.55548,2.409128
2eb1fb79-6b4c-44fa-bb71-677a1a8e2835,2026-02-11T10:22:33+00:00,SOLUSDT,40178.166276,3.01265
0a087570-26bd-4369-92ed-972c2c8cb21f,2026-02-11T10:31:26+00:00,SOLUSDT,40094.934151,1.274771
59c9319f-d436-4c31-a5a6-fd638eee58a7,2026-02-11T10:52:19+00:00,XRPUSDT,16584.501623,1.343122
869eef6b-4bab-4c82-9fa9-2c511ddeb053,2026-02-11T10:26:16+00:00,BTCUSDT,1762.06816,0.713258
a728e13f-5716-409f-abc6-2f3f89388c2e,2026-02-11T10:44:38+00:00,BTCUSDT,1765.345322,0.581797
1297a6ac-2817-43d4-bd27-0238f9974a51,2026-02-11T10:09:00+00:00,SOLUSDT,40154.421028,4.111802
f1fefea1-c3cf-4dbd-a91f-9f7167568c39,2026-02-11T10:12:57+00:00,BTCUSDT,1767.930821,2.555066
c6bc48f1-30a8-4d92-a1cd-cba6dbed0c39,2026-02-11T10:33:21+00:00,XRPUSDT,16620.679902,1.704967
9f24e67f-8793-43ad-9a1b-4c6df7efa08c,2026-02-11T10:49:26+00:00,BTCUSDT,1764.959266,1.300645
d5d6ad43-d256-4c15-82fe-ff1de138142b,2026-02-11T10:48:43+00:00,BTCUSDT,1765.199794,3.102685
449f0a12-e336-4299-94a1-2342f3362a02,2026-02-11T10:24:32+00:00,ETHUSDT,59929.128996,1.97662
2532aa5d-cf6a-49e9-85cb-870f05f62fc3,2026-02-11T10:08:34+00:00,BTCUSDT,1763.941347,2.206226
d9fbcb03-72ff-403e-a799-65a3669c8ca1,2026-02-11T10:31:33+00:00,ETHUSDT,60129.864575,3.261303
d35e75fb-b3f2-469f-bf1d-473650340dcd,2026-02-11T10:51:46+00:00,SOLUSDT,40349.901377,1.916187
1a5b1230-d78b-4086-9ee0-bbbf3f92df72,2026-02-11T10:59:27+00:00,ETHUSDT,60151.10433,2.514492
1313dd14-b88a-4c9b-bb08-03f5fcf96041,2026-02-11T10:49:55+00:00,XRPUSDT,16579.984424,1.721213
a0a2abab-9c15-4511-bbb7-bdcc33e25e99,2026-02-11T10:12:28+00:00,XRPUSDT,16584.91772,1.336899
1ee104ff-47fa-4acc-bc8c-09aa6a3655c3,2026-02-11T10:26:24+00:00,XRPUSDT,16602.364792,3.361352
7969fea2-79ed-459e-917d-8add33410e13,2026-02-11T10:07:51+00:00,ETHUSDT,59731.974257,1.662299
a6802c1c-4fe6-42d0-b5dc-e34829ceaea3,2026-02-11T10:22:48+00:00,XRPUSDT,16606.153169,2.954741
e2db095a-b16d-4da0-91f7-c4a06b5ebe77,2026-02-11T10:10:26+00:00,XRPUSDT,16600.675531,2.953672
cda13cd9-2b45-42b9-9889-390a9f5c8ee6,2026-02-11T10:31:58+00:00,SOLUSDT,40039.695289,2.573888
404265fe-becc-42cd-9ae5-2fb9ea7d8f4a,2026-02-11T10:16:12+00:00,ETHUSDT,59778.894633,1.784461
de40b6ef-197a-448c-aafe-f34517525ee2,2026-02-11T10:24:25+00:00,ETHUSDT,59924.144289,3.233544
eac0f808-008f-46b4-aafa-8f52762bfbed,2026-02-11T10:48:18+00:00,SOLUSDT,40159.787735,1.308263
c0f5f7ba-e565-4f87-8af9-8fb1727b86dd,2026-02-11T10:07:22+00:00,BTCUSDT,1763.417758,0.387153
035b7fba-c449-4099-abf5-0aa81ba55a5a,2026-02-11T10:08:16+00:00,ETHUSDT,59683.058667,1.917049
c32fe715-d8f9-4409-bf9a-97eb5ce6d50b,2026-02-11T10:03:03+00:00,BTCUSDT,1766.500951,1.466723
e011147f-5db0-4012-9766-4be01361c63d,2026-02-11T10:37:26+00:00,ETHUSDT,60114.217957,3.259993
d6e976ce-9ac8-40ca-bef6-694ee4c85ea5,2026-02-11T10:16:30+00:00,SOLUSDT,40051.154753,3.662334
ff8ec5a8-ed50-46af-bfb3-548afcce8ec0,2026-02-11T10:58:12+00:00,ETHUSDT,60098.228702,2.229286
9ff0c099-a655-4dcb-bbfd-8cd3a7d01fc2,2026-02-11T10:20:31+00:00,SOLUSDT,40041.934534,2.84063
3da2c7ec-01db-4f77-97e0-3488d9ab3b39,2026-02-11T10:15:21+00:00,SOLUSDT,40098.484892,1.851257
30ddfc04-c567-45af-a9ea-21c119ffe7ce,2026-02-11T10:10:55+00:00,ETHUSDT,59740.206847,1.463774
4654969a-3be2-4005-b527-162fbf797c0f,2026-02-11T10:37:01+00:00,XRPUSDT,16573.181126,0.0
a96b5245-3206-426e-a1fb-570bc992097e,2026-02-11T10:18:00+00:00,BTCUSDT,1765.262272,2.111024
0b31ae4f-146a-43ac-a678-6fd9f5179404,2026-02-11T10:41:24+00:00,XRPUSDT,16563.780215,2.193347
b109974e-92af-4f6d-95ec-0a7ec64ee089,2026-02-11T10:46:12+00:00,BTCUSDT,1767.430835,4.108276
90feadfc-ae4f-4283-9178-63d54a2ac675,2026-02-11T10:14:24+00:00,ETHUSDT,59787.761045,0.869044
562a0525-daae-4027-9d68-ae48d95f1c56,2026-02-11T10:13:48+00:00,BTCUSDT,1770.255956,2.390311
837bc8eb-41f7-48b1-8f88-2e1a0ef245fc,2026-02-11T10:55:12+00:00,BTCUSDT,1767.678759,0.169358
ded99bf7-bf25-49fd-a547-66dcfafa3302,2026-02-11T10:19:33+00:00,XRPUSDT,16565.136624,1.630093
dbe70438-10ba-4080-b225-748b5e240626,2026-02-11T10:27:28+00:00,XRPUSDT,16597.007289,0.0
0d5526c8-6361-4414-a6f8-3e0834ad177f,2026-02-11T10:40:51+00:00,SOLUSDT,40049.227529,3.191563
67463a4f-3301-48b4-904b-b81f53b9e645,2026-02-11T10:39:43+00:00,BTCUSDT,1761.429657,3.155674
95b01c1e-4161-4079-b593-e2c2d05b84cd,2026-02-11T10:46:40+00:00,ETHUSDT,60206.682886,1.720572
7d9102f1-26b5-4dcb-9204-f44368bab914,2026-02-11T10:27:54+00:00,ETHUSDT,59991.413835,3.593229
bfde3a0f-3d06-4fb6-a459-87ad65a042a3,2026-02-11T10:09:46+00:00,SOLUSDT,40183.581597,3.144214
028e01fb-f4b7-4323-8f22-de85e39840a4,2026-02-11T10:10:01+00:00,SOLUSDT,40188.540326,1.340136
1a2143b6-0893-4f6c-aff6-651abd9a6d75,2026-02-11T10:08:42+00:00,BTCUSDT,1765.216032,0.703626
ac87e7c5-f9f4-430a-8754-14c30bfa66a3,2026-02-11T10:12:21+00:00,SOLUSDT,40107.255538,2.578819
3f60158f-96c1-44a6-a937-25a3e93500d9,2026-02-11T10:30:00+00:00,ETHUSDT,60085.254709,1.43547
698c8c4b-ce48-46c1-9d73-4886ea9c3a9d,2026-02-11T10:11:16+00:00,BTCUSDT,1765.366465,1.379028
d0108540-229e-4952-97fd-a729320536a8,2026-02-11T10:19:26+00:00,XRPUSDT,16566.891161,3.409543
4eeb5556-7758-4bdf-8b91-b9a9a44ecfb8,2026-02-11T10:39:25+00:00,SOLUSDT,40075.184281,2.480254
41a4c24c-8629-45a4-b206-101ccc273b2b,2026-02-11T10:44:42+00:00,SOLUSDT,40154.56839,2.072532
6e8c5c01-f745-4d89-8102-3f1e25a8e8bb,2026-02-11T10:50:06+00:00,SOLUSDT,40284.090055,1.330215
48788870-20b7-4a67-a17e-71c0691340a8,2026-02-11T10:51:18+00:00,BTCUSDT,1766.647642,1.071483
d597a30c-052d-4aaf-9531-f0e3055a8989,2026-02-11T10:51:07+00:00,XRPUSDT,16589.144008,2.334519
ff80e493-b19d-4cee-832e-f735419eacb6,2026-02-11T10:54:00+00:00,BTCUSDT,1767.89808,1.66874
fa40cae6-8a4a-4ad3-88ff-84132e2c7e1a,2026-02-11T10:34:30+00:00,BTCUSDT,1765.192578,2.573067
7645c3f7-1a87-4c45-9a47-10e8449d91ca,2026-02-11T10:04:44+00:00,BTCUSDT,1767.27685,0.76667
a54e67a4-2669-4b6c-b62a-cf23bde5d286,2026-02-11T10:48:50+00:00,XRPUSDT,16593.018131,2.922609
b846ac9c-c760-4ed5-bf8c-3d9d1dec1bc7,2026-02-11T10:41:13+00:00,SOLUSDT,40034.962255,1.925235
c756384d-bebe-4077-bf6e-e061608cbbe2,2026-02-11T10:16:15+00:00,SOLUSDT,40078.276852,2.907747
d07d14fd-ee54-4e1b-a0d9-68bbad076c7a,2026-02-11T10:51:25+00:00,BTCUSDT,1766.488792,1.178598
4635d434-1b60-4eef-bd6d-caf3e109eca6,2026-02-11T10:13:44+00:00,BTCUSDT,1769.173176,2.019978
7888a325-697c-4789-a204-f1215203738c,2026-02-11T10:43:22+00:00,BTCUSDT,1765.36639,1.218339
814dd97f-6de0-49a9-8cbe-30b4ff3c4137,2026-02-11T10:46:55+00:00,ETHUSDT,60245.032904,1.539621
7d4e590b-98d2-4cce-9ca6-7adeca41bf70,2026-02-11T10:06:00+00:00,BTCUSDT,1765.453063,2.042529
49893dfe-ed29-4a21-992b-0628f789c6a5,2026-02-11T10:17:24+00:00,ETHUSDT,59827.798345,0.104807
6bca64eb-9806-41f6-9f35-592a1e6bfaa6,2026-02-11T10:26:38+00:00,BTCUSDT,1763.199306,1.097067
630f7bb1-29c1-4ffc-b024-651e6a980241,2026-02-11T10:57:03+00:00,BTCUSDT,1766.918168,3.564628
0a46c28c-c348-4a5d-980b-6aa00ea3cab6,2026-02-11T10:03:10+00:00,ETHUSDT,59899.405157,3.480832
05b6a1ab-8ab6-4f47-b9c4-596320c9236b,2026-02-11T10:23:27+00:00,ETHUSDT,59953.089079,1.147685
aec7129b-1476-4796-9a31-11a90f60df91,2026-02-11T10:58:01+00:00,SOLUSDT,40187.634438,1.730287
d5bf7a09-821b-4db7-b3c3-79349b49772a,2026-02-11T10:48:07+00:00,ETHUSDT,60154.89011,0.531318
ba3b5468-6ff0-4612-8a68-92564a261185,2026-02-11T10:39:57+00:00,ETHUSDT,60133.852541,0.526308
2b04280c-fe41-4cc2-b511-f27c3686f8d4,2026-02-11T10:15:03+00:00,SOLUSDT,40089.751348,2.267356
00b1c133-2f6b-41a4-ae2b-43685885cb41,2026-02-11T10:29:56+00:00,BTCUSDT,1763.612346,1.933193
a6c1e50d-b261-4084-b84c-299a3d116b24,2026-02-11T10:28:30+00:00,SOLUSDT,40106.075465,1.054386
71845ad9-4ab3-4aaa-abe2-868bd4dc8c6a,2026-02-11T10:40:12+00:00,XRPUSDT,16544.249609,0.0
c756384d-bebe-4077-bf6e-e061608cbbe2,2026-02-11T10:16:15+00:00,SOLUSDT,40078.276852,2.907747
f5d712cd-1d0f-455b-b79e-fd3853bbaa49,2026-02-11T10:02:38+00:00,XRPUSDT,16655.53293,1.078535
64c20137-34e7-4c94-bee7-2d5c17168c9f,2026-02-11T10:06:46+00:00,SOLUSDT,40143.384741,0.900221
8fc13563-1034-4af9-9155-7cb31e204f76,2026-02-11T10:01:26+00:00,BTCUSDT,1765.736565,2.310919
4bad69ea-0713-4d53-9670-e07c1a0341ba,2026-02-11T10:12:39+00:00,SOLUSDT,40107.585823,3.178726
f1995bac-58c3-46b3-9fa9-cec401fdb452,2026-02-11T10:37:12+00:00,ETHUSDT,60149.063412,1.5511
70818094-3fe3-4887-ac5b-8ed30748b7a4,2026-02-11T10:10:08+00:00,ETHUSDT,59696.944352,3.131005
acaeb744-e247-40aa-b4e6-e14648b11e1f,2026-02-11T10:35:27+00:00,BTCUSDT,1765.616761,1.92755
c7b7461b-8940-4478-9bb4-a5bea3d628d3,2026-02-11T10:58:26+00:00,ETHUSDT,60153.568298,1.892243
670024ac-25a3-4532-a321-1e2f2bcc6d61,2026-02-11T10:35:45+00:00,XRPUSDT,16584.312378,2.466068
64bafcd3-526e-4a47-b62c-41b0e84df820,2026-02-11T10:31:12+00:00,ETHUSDT,60100.644019,0.688853
ec3ef84a-0cb6-4053-a29b-8dd6535b76e1,2026-02-11T10:01:55+00:00,SOLUSDT,40179.913857,0.0
02607a46-2ce3-42c1-9903-128c8539c7bc,2026-02-11T10:36:39+00:00,BTCUSDT,1764.571728,2.162313
7ebeff6f-8f64-42f6-af4f-8fbbac124019,2026-02-11T10:06:32+00:00,SOLUSDT,40140.120386,1.896249
c866ed65-8403-43e9-8eb7-5a9b4b1a2dc0,2026-02-11T10:08:09+00:00,ETHUSDT,,2.881359
9efb734e-6776-4c77-831d-531b6ed6ebde,2026-02-11T10:19:48+00:00,XRPUSDT,16567.480745,2.450533
dce48af4-a778-4af5-95e0-d09b9f4f2015,2026-02-11T10:13:19+00:00,BTCUSDT,1768.326663,1.237708
a24fa2a9-1dca-4574-b9c9-5571e8edd4a7,2026-02-11T10:01:40+00:00,XRPUSDT,16626.989013,0.284909
17e667e8-3d92-43b7-8c73-71220b13815e,2026-02-11T10:17:13+00:00,XRPUSDT,16565.551227,1.90467
3cde6ed3-697d-41ff-801b-decc96f0f706,2026-02-11T10:43:19+00:00,SOLUSDT,40134.193383,1.538435
14f36e07-1b59-4f0f-a94d-389b112e8abf,2026-02-11T10:03:18+00:00,XRPUSDT,16639.498104,1.223387
dda48463-5efa-4de3-bd59-a4af63acc6c9,2026-02-11T10:58:37+00:00,XRPUSDT,16637.535165,0.0
75689914-97e5-4b78-bf33-b74662212af8,2026-02-11T10:53:09+00:00,ETHUSDT,60187.379098,0.775895
6f8909b7-adb2-4709-a4e8-20e1a84b5f7d,2026-02-11T10:54:21+00:00,ETHUSDT,60088.652603,1.276535
69887682-d275-4777-a118-4dae1eaf2b6c,2026-02-11T10:02:52+00:00,XRPUSDT,16645.624905,0.677341
96ea87d2-6111-40f8-8b7b-a6f79d0408d2,2026-02-11T10:54:32+00:00,BTCUSDT,1767.812174,1.47064
ebeadc54-1567-4c77-a194-82ebc7e5cc27,2026-02-11T10:58:51+00:00,BTCUSDT,1763.765592,2.438639
85334bcb-c410-497a-8a2d-1023fe2f3828,2026-02-11T10:38:31+00:00,BTCUSDT,1763.26986,2.013597
bcc29aa4-0486-4e4f-9fca-d54af32394f3,2026-02-11T10:32:42+00:00,SOLUSDT,40047.624378,2.435096
a10606d5-49a3-4993-9bcd-9ffdc6e88f45,2026-02-11T10:28:37+00:00,BTCUSDT,1763.709799,1.534413
b15d7f7f-5dc8-4c11-820f-da863dbebf47,2026-02-11T10:32:49+00:00,XRPUSDT,16619.305763,2.63627
23ea98fb-eca8-4a01-8f45-9aab9c93a1ae,2026-02-11T10:03:46+00:00,XRPUSDT,16646.684313,2.34877
d82e1f1e-8a01-4406-a9b1-6b28c57e9dd7,2026-02-11T10:24:46+00:00,XRPUSDT,16587.006071,2.145226
73c9530f-20c4-437b-8e64-32fee9ad2f71,2026-02-11T10:23:02+00:00,SOLUSDT,40131.734071,0.95572
3c3c8f2a-5c89-4f5a-be52-c6a5a80eb570,2026-02-11T10:53:38+00:00,BTCUSDT,1769.127111,2.812133
1b108b97-57fc-42b6-bee5-7ba096b5e32d,2026-02-11T10:19:19+00:00,SOLUSDT,40042.862505,4.289815
d9ce831d-250b-4c0c-af17-ac7416732c9a,2026-02-11T10:27:03+00:00,ETHUSDT,59975.934069,2.103915
b244000d-33b8-48d7-b053-ab83ad14c4ef,2026-02-11T10:47:09+00:00,SOLUSDT,40142.377463,0.477227
dfb16e8d-b69a-4a12-94f6-3ffb30d3ca3b,2026-02-11T10:14:02+00:00,XRPUSDT,16581.822672,1.458634
ec1bc73e-a789-4b7e-8943-e1f57083aa63,2026-02-11T10:39:21+00:00,BTCUSDT,1762.282399,2.036036
8bf7b1fe-63df-40b1-9f3e-e5e1188e3b8b,2026-02-11T10:33:25+00:00,XRPUSDT,16618.709514,2.081525
f8ed4788-c14e-4bb4-89a5-a5b1203a9b6e,2026-02-11T10:27:43+00:00,XRPUSDT,16604.561554,1.171751
b4357eb4-6b43-4a7f-9e97-daeea26c64d8,2026-02-11T10:25:26+00:00,BTCUSDT,1761.551427,2.230034
636952e7-4ac2-43c6-8cb5-c47fe4eeacba,2026-02-11T10:53:06+00:00,BTCUSDT,1768.407454,2.881584
517cafa2-b728-4cae-9efa-4b51264242c4,2026-02-11T10:18:10+00:00,BTCUSDT,1763.36333,2.172986
62dda043-427a-49fb-bf2a-30a025ba9699,2026-02-11T10:53:20+00:00,ETHUSDT,60200.339466,1.744525
f08895bb-5fe4-428b-8462-ecfde8e22f4d,2026-02-11T10:41:20+00:00,XRPUSDT,16556.031064,2.65566
43c504cb-d418-484f-b348-e83c22d1865e,2026-02-11T10:13:08+00:00,XRPUSDT,16574.613907,2.476045
5a76f0e8-2d81-40a9-aa22-9915817a9fb3,2026-02-11T10:52:30+00:00,ETHUSDT,60135.956393,1.208516
8e4822f9-744a-4b69-83b0-427061617926,2026-02-11T10:17:45+00:00,XRPUSDT,16583.026106,3.620361
90720fd6-da09-4210-88ed-b24fc0943225,2026-02-11T10:01:15+00:00,ETHUSDT,59830.028532,1.386753
4c319726-35ed-4958-89b0-e196fedb8ffb,2026-02-11T10:45:36+00:00,XRPUSDT,16579.671947,3.401746
06e695b1-5d90-4798-b79f-4ca3f88a87bb,2026-02-11T10:25:12+00:00,XRPUSDT,16591.277825,3.139854
3d69286d-ea82-40b2-8c3a-47f1cecc2298,2026-02-11T10:19:30+00:00,ETHUSDT,59955.461868,1.974869
897f0f3b-f7f8-483a-ad90-9845ac8814c7,2026-02-11T10:11:56+00:00,BTCUSDT,1767.067018,2.515434
8f091cfc-bb81-408d-83d0-b9469198e66f,2026-02-11T10:27:00+00:00,BTCUSDT,1761.35261,1.133015
f2b27d70-edea-4c14-bf79-e977592b19ff,2026-02-11T10:08:13+00:00,BTCUSDT,1763.819223,1.215461
09f38718-fe4c-44ff-81bc-34d901bc7b19,2026-02-11T10:32:09+00:00,XRPUSDT,16629.624592,1.847162
570e142e-07bb-4b9c-a855-ae54f6bdea80,2026-02-11T10:41:45+00:00,BTCUSDT,1764.584607,2.718688
52e17977-fec7-4b1e-91ab-26e913563bfb,2026-02-11T10:43:01+00:00,BTCUSDT,1765.593192,1.430063
066a8f33-389b-47f2-833a-1b85b1153a58,2026-02-11T10:38:45+00:00,BTCUSDT,1762.643718,1.696322
2e918521-f469-4a02-a1a8-6bdef088696a,2026-02-11T10:37:40+00:00,BTCUSDT,1764.010362,1.509734
1e7ad3c3-e4d2-4b89-9ae8-0fb85b2f5ae7,2026-02-11T10:12:43+00:00,ETHUSDT,59761.264269,1.858849
2c0a3b84-6e57-444c-a61a-a90a03b56c0d,2026-02-11T10:57:57+00:00,XRPUSDT,16652.581268,2.903413
6d96e9e7-9d27-478a-b874-90aaeb860405,2026-02-11T10:56:20+00:00,ETHUSDT,60143.513516,1.447112
9f0e2c0a-4e27-42d2-ad46-718cb2b35c12,2026-02-11T10:55:33+00:00,SOLUSDT,40109.070961,0.835969
5ed66ab3-21f0-48c8-9d60-dd9b03907e6a,2026-02-11T10:30:18+00:00,XRPUSDT,16631.120395,1.76241
21acea51-c5cd-4f28-a9d0-30580c98f748,2026-02-11T10:56:06+00:00,BTCUSDT,1767.383198,1.554886
a3b55cad-f83b-4b55-92d7-465a4c3ecd83,2026-02-11T10:13:51+00:00,BTCUSDT,1769.067593,3.592764
bfd75da9-a081-401c-b0c0-3999ebab7b1e,2026-02-11T10:24:18+00:00,XRPUSDT,16593.802023,3.462095
6d15c879-bc9d-4eb4-ac8a-361d1a21b8f1,2026-02-11T10:43:44+00:00,XRPUSDT,16578.694146,3.881659
84bec797-3032-414c-ab86-457cfcdb8bb6,2026-02-11T10:34:04+00:00,XRPUSDT,16586.284645,1.128447
7e335924-04f0-4e14-915b-5b09ce70e50e,2026-02-11T10:19:01+00:00,ETHUSDT,59897.057741,0.833509
113a0c72-b9a3-4dc1-9a98-40b1ecab8e16,2026-02-11T10:10:58+00:00,SOLUSDT,40173.296776,3.029409
b56ab3c3-0ea8-4ab2-b26b-fd2b170180c9,2026-02-11T10:51:39+00:00,ETHUSDT,60141.717185,1.905395
5cb80aea-bbfb-4c74-929d-49ac689d6215,2026-02-11T10:51:32+00:00,SOLUSDT,,0.489167
99edc67e-ada1-4d9b-a64e-c72269eb75d3,2026-02-11T10:41:34+00:00,BTCUSDT,1763.10612,1.268239
d9fa0b35-ae88-4617-8ff7-fd98e93b579c,2026-02-11T10:36:32+00:00,BTCUSDT,1765.615361,1.750704
866fefad-ed61-42f6-bfc9-07e6a00aefad,2026-02-11T10:37:33+00:00,SOLUSDT,,1.791339
1dc740a8-65d4-48f4-97b6-2c7da458baa5,2026-02-11T10:29:06+00:00,XRPUSDT,16635.181284,0.0
051f2e29-6efa-4fe2-b373-aebeef49f458,2026-02-11T10:16:40+00:00,XRPUSDT,16561.508724,1.59311
5048b88a-8de8-4f72-bd0a-f8facf9828d5,2026-02-11T10:37:48+00:00,XRPUSDT,16568.538231,1.726103
cd45e426-8df7-42ac-8387-14a888494a47,2026-02-11T10:01:12+00:00,BTCUSDT,1766.029631,2.58596
f39b9b2a-f3a9-434d-ae95-16197601c20f,2026-02-11T10:10:12+00:00,SOLUSDT,40159.985119,1.503876
64290fba-34f3-434c-9bf7-53e3b5ab036c,2026-02-11T10:24:03+00:00,XRPUSDT,16592.575741,1.364442
eb297372-161f-46e0-b8cf-cee774c4d08f,2026-02-11T10:55:44+00:00,BTCUSDT,1766.828022,2.375114
cd54332b-0dfe-46e1-9241-95d1326d4042,2026-02-11T10:33:57+00:00,XRPUSDT,16593.658593,2.573825
62791823-169c-414c-9e90-7dd9d0f8ad46,2026-02-11T10:10:33+00:00,BTCUSDT,1765.615361,3.708264
e4e580a0-ac2c-484e-800a-a286f1811597,2026-02-11T10:19:37+00:00,BTCUSDT,1762.314799,1.761059
423ac786-3c66-4a6d-800b-bee9d8ac3d56,2026-02-11T10:42:21+00:00,SOLUSDT,40066.867063,1.556086
f2690d18-e08d-471e-93f8-003be113ebf6,2026-02-11T10:11:52+00:00,ETHUSDT,59754.300923,0.766538
3b935cb3-e3a4-4408-a509-082aa5931e0a,2026-02-11T10:28:12+00:00,SOLUSDT,40116.206452,2.584921
1bee0470-2d31-40ae-9843-cb674bb83aff,2026-02-11T10:59:45+00:00,ETHUSDT,60092.537297,2.186004
dcb7b934-8463-4c69-8863-248ec47e13b2,2026-02-11T10:41:38+00:00,BTCUSDT,1764.206796,0.926685
c55fa5c8-3ab2-4360-bca3-ec30011974fd,2026-02-11T10:15:57+00:00,ETHUSDT,59826.707093,1.691037
4c5b1207-71fc-465d-bba9-468a42c716c1,2026-02-11T10:36:54+00:00,ETHUSDT,60132.481135,1.195661
82f698a3-29b8-47d2-91d7-33320de6cfdc,2026-02-11T10:43:55+00:00,BTCUSDT,1764.02975,2.050415
636e5e03-1e84-4ece-9b11-0a0b10ddccb8,2026-02-11T10:29:31+00:00,BTCUSDT,1764.689316,0.567747
f1fdae53-9312-4a06-b795-a76064c00eac,2026-02-11T10:07:48+00:00,SOLUSDT,40171.045901,3.50512
397c6a2a-9e19-4782-ad06-57cd65f6902d,2026-02-11T10:20:16+00:00,XRPUSDT,16557.071371,2.496988
9d789c48-b3b7-4cff-9db9-14c33afacdba,2026-02-11T10:51:21+00:00,ETHUSDT,60139.310808,1.784679
16724c38-19f3-4adf-8277-1e04921cf434,2026-02-11T10:29:20+00:00,SOLUSDT,40095.977532,0.222938
86602a4d-5407-4cec-bf7f-c97e595f824d,2026-02-11T10:34:19+00:00,SOLUSDT,40092.24262,2.780124
e83397d0-4360-4a5c-b721-dacb5dbc5691,2026-02-11T10:36:21+00:00,SOLUSDT,40077.617309,3.241799
4722315d-215b-4b70-b62c-67a09d4b3aed,2026-02-11T10:11:34+00:00,BTCUSDT,1765.91645,2.283385
bb6347f1-1deb-48a0-81fd-8543654da52b,2026-02-11T10:08:24+00:00,ETHUSDT,59645.479198,0.682508
b1c2f0c4-ad9a-46c5-a2b7-2934a6e4bfbc,2026-02-11T10:24:57+00:00,BTCUSDT,1762.477273,2.39348
ce57c249-c8d1-46d1-a6ad-1e2ca2e5816a,2026-02-11T10:39:36+00:00,XRPUSDT,,2.544707
5254cf49-d95b-4005-aa51-7bd19af31680,2026-02-11T10:28:33+00:00,BTCUSDT,1762.703567,0.0
78b8dc74-2b36-48d9-aa74-affcf379cda3,2026-02-11T10:42:50+00:00,XRPUSDT,16592.157469,1.180762
1c75e291-9d88-42df-bb8a-f5aceb93cd21,2026-02-11T10:09:07+00:00,XRPUSDT,16605.065848,2.562258
a3b9e708-979d-48e2-9bbd-6c35b4b19042,2026-02-11T10:50:56+00:00,BTCUSDT,1765.089432,2.328019
8843a9ad-1c9e-4029-b9fd-3d9760c36bda,2026-02-11T10:55:19+00:00,XRPUSDT,16620.309173,3.228525
29d2453a-246a-466c-82d7-e8f669c6e21e,2026-02-11T10:00:36+00:00,SOLUSDT,40136.000489,3.167265
4fee7260-8557-4d82-b08f-ea411ea55bd0,2026-02-11T10:16:08+00:00,BTCUSDT,1766.635332,2.073823
bfeef431-9f4f-4b59-aeb2-e137a353e77a,2026-02-11T10:05:45+00:00,ETHUSDT,59690.17345,1.792402
87ecf080-f8f5-4d31-a89a-f655fb98fdef,2026-02-11T10:12:36+00:00,XRPUSDT,16587.376583,1.673342
bc04b1a9-d9c0-4505-bf46-b378ee88b343,2026-02-11T10:59:20+00:00,SOLUSDT,40111.020445,2.092779
7a2ad047-4b8c-44cc-a45f-22794dda804e,2026-02-11T10:45:07+00:00,SOLUSDT,40152.745622,2.027074
d2f274b0-2c8e-404e-bd8e-28785bd1df39,2026-02-11T10:34:08+00:00,SOLUSDT,40047.593394,1.061883
98256ad9-a295-48a9-bebb-21d25c8e4a49,2026-02-11T10:48:46+00:00,SOLUSDT,40206.068937,4.453835
2d198bbc-e901-404c-ba4c-039f8f4ac021,2026-02-11T10:46:30+00:00,SOLUSDT,40116.154004,0.0
8a9aad5f-0c62-48d5-8e5c-34cd8217e5fd,2026-02-11T10:32:52+00:00,XRPUSDT,16628.285972,1.968121
d3cc267d-4570-42c8-8de4-7ce0ad72bc4e,2026-02-11T10:56:52+00:00,ETHUSDT,60183.069723,3.894977
ced19771-f184-4df6-b252-e295e4081691,2026-02-11T10:31:55+00:00,ETHUSDT,60089.866037,1.526496
d990ab53-8fa0-41fe-a396-88de8dfeb8b9,2026-02-11T10:56:16+00:00,BTCUSDT,1766.936132,2.509886
57673c87-5e67-4cba-8dc6-6fbc41b97ee3,2026-02-11T10:19:55+00:00,BTCUSDT,17612.94699,2.268486
14c09ccc-e704-4fe9-9636-b82f8503c25e,2026-02-11T10:04:30+00:00,BTCUSDT,1767.170272,1.648886
4776d14a-a231-42d1-8c0a-97239e3d892b,2026-02-11T10:42:43+00:00,SOLUSDT,40095.843665,3.173808
d53d20ef-0612-4c32-883e-aafbe247a4ca,2026-02-11T10:04:37+00:00,ETHUSDT,59778.804413,1.300872
eb6a8475-0d0b-4c99-b717-cbd025dcc792,2026-02-11T10:15:46+00:00,ETHUSDT,59791.572069,1.849623
d2994c6b-53a0-4fa2-b7fa-93bcf78e8598,2026-02-11T10:59:52+00:00,ETHUSDT,60015.119896,2.3209
478fbe0a-1f6d-4bbd-bf4f-be35c17949c1,2026-02-11T10:08:56+00:00,XRPUSDT,16595.397295,2.284556
188cf0cd-edc1-4385-9a2a-009a0645ae30,2026-02-11T10:56:13+00:00,SOLUSDT,40157.296318,2.098272
1c24f7fa-3215-4f34-baa4-0a9df250a785,2026-02-11T10:30:50+00:00,ETHUSDT,60078.908812,3.409293
8e9f313f-507f-43eb-817f-b91ab70985d5,2026-02-11T10:56:42+00:00,ETHUSDT,60143.633644,1.521888
798f6c89-473b-4d7e-aebd-093b0cac2a4f,2026-02-11T10:28:08+00:00,ETHUSDT,60020.495213,3.09252
fb2df595-1c37-48c6-b1f7-b5736a28605d,2026-02-11T10:33:50+00:00,BTCUSDT,1764.083929,2.393726
d6c4f3ea-a896-44d7-abec-7222b8bb8412,2026-02-11T10:46:26+00:00,SOLUSDT,40085.774337,0.0
3c2e52e5-8bc4-401b-b335-b52692d41333,2026-02-11T10:27:39+00:00,SOLUSDT,40162.881976,1.385396
00a69080-86ea-4b04-b53f-b754e59aaa52,2026-02-11T10:15:10+00:00,BTCUSDT,1767.947506,2.139752
7861756f-ae01-4d12-81a2-27ed9c2dcb13,2026-02-11T10:46:15+00:00,SOLUSDT,40112.013994,2.022319
a9bd4e08-d752-4434-bdbc-34b390f40d61,2026-02-11T10:50:42+00:00,SOLUSDT,40330.481125,0.370687
f99e3e62-c23a-448e-92d0-212a309e876d,2026-02-11T10:22:08+00:00,XRPUSDT,16586.567997,2.223997
248ae6d7-5e6f-456c-a025-bc7f194c03d9,2026-02-11T10:19:15+00:00,XRPUSDT,16568.934533,2.193691
66986d76-98c7-42bb-ae2b-320117d34150,2026-02-11T10:41:42+00:00,SOLUSDT,40081.156664,2.198272
33c522d6-668c-461e-ab3a-1a8b71f7795b,2026-02-11T10:09:03+00:00,BTCUSDT,1765.92262,1.067452
abccdbee-4fad-48ee-b0ed-5e9ecfd7ed3c,2026-02-11T10:57:14+00:00,BTCUSDT,1766.624302,2.147309
e958e46a-12aa-4a4e-b2c5-d7c0f4588adf,2026-02-11T10:18:07+00:00,SOLUSDT,40045.386765,1.466298
5ed95d77-9deb-49c0-a528-382af0a96c87,2026-02-11T10:11:24+00:00,SOLUSDT,40161.502346,1.776777
4ac2f9ff-8fed-4c65-8edb-aee7eef4ec23,2026-02-11T10:35:09+00:00,BTCUSDT,1767.076013,1.869359
8e0aa71c-208b-41f2-8cb7-6ef6b81856a8,2026-02-11T10:20:52+00:00,XRPUSDT,16559.305467,2.857119
d546dfde-99c5-42a7-b7a2-7fbabb326002,2026-02-11T10:14:34+00:00,BTCUSDT,1766.730896,2.069236
a29d620e-ed3b-4b16-974d-269273b81e57,2026-02-11T10:47:34+00:00,ETHUSDT,60173.197929,5.04207
9b47b90a-8d3a-40ba-9ed3-737e1a2b4536,2026-02-11T10:05:13+00:00,ETHUSDT,59731.986411,5.065289
7f510c39-5f4f-47e6-8d64-07ff556c02f6,2026-02-11T10:45:03+00:00,XRPUSDT,16586.185367,3.10415
4ca71512-99d5-4bc1-8559-fe11d140aa33,2026-02-11T10:39:18+00:00,BTCUSDT,1761.700291,3.762062
764d6e45-d92e-41ff-8cc6-af4eaf205e6f,2026-02-11T10:58:55+00:00,BTCUSDT,1762.948183,2.395034
95b01c1e-4161-4079-b593-e2c2d05b84cd,2026-02-11T10:46:40+00:00,ETHUSDT,60206.682886,1.720572
f8f32f86-84c7-4b0f-8111-5c7058ff108e,2026-02-11T10:25:04+00:00,XRPUSDT,16600.743455,0.343485
721e22c1-4b0c-423f-9294-4140171d32b8,2026-02-11T10:17:16+00:00,ETHUSDT,59802.718053,1.518108
61f15a28-45bd-4a6c-845e-ac5b5792bb75,2026-02-11T10:38:52+00:00,XRPUSDT,16556.205607,0.866217
a2bdaa5c-868c-4744-b286-e7b5ba51b354,2026-02-11T10:09:57+00:00,ETHUSDT,59700.669037,2.068248
b1b938b7-82cd-409c-a657-a3f0e533ca3e,2026-02-11T10:35:42+00:00,BTCUSDT,1766.652606,0.112171
208ae40d-4beb-4ec0-b48d-0f4084ce9523,2026-02-11T10:56:31+00:00,BTCUSDT,1767.523416,2.790981
93051e75-f110-41a0-bd65-5edb0de56118,2026-02-11T10:09:18+00:00,SOLUSDT,40155.579441,3.291295
82d7b587-1b9f-4638-9e93-9c78b38b9e74,2026-02-11T10:21:21+00:00,ETHUSDT,59993.612405,2.630061
fb3bf24b-c672-4421-98ee-1a1111dc21e1,2026-02-11T10:22:51+00:00,BTCUSDT,1758.568253,2.340212
8f053949-3750-4753-8d8f-cea71470a2f1,2026-02-11T10:16:44+00:00,XRPUSDT,16553.911396,2.736731
9940812d-af49-4306-aa51-4e6411d8021b,2026-02-11T10:07:33+00:00,BTCUSDT,1763.72076,1.598234
bfc0c5f1-49c7-48f2-9d0e-c6bd8009df04,2026-02-11T10:42:25+00:00,ETHUSDT,59995.223285,1.427119
9815280b-5640-44ff-8ae2-c5422e4121d8,2026-02-11T10:46:37+00:00,SOLUSDT,40142.100467,0.0
7f2d335a-71fe-4808-8bbe-e6b4ea271619,2026-02-11T10:01:19+00:00,XRPUSDT,166152.72804000002,3.43504
7d508584-cd3a-4032-b14a-1dce02ae1d19,2026-02-11T10:36:57+00:00,SOLUSDT,40075.685283,2.031723
6d053817-6831-4b89-a9e0-70226f0ea981,2026-02-11T10:39:54+00:00,SOLUSDT,40070.178467,1.184849
791ab18f-9577-48c3-bd7f-3343a68cda48,2026-02-11T10:16:55+00:00,SOLUSDT,40048.46235,0.0
0ea779db-105e-4ce1-ae64-70f0fd095c3c,2026-02-11T10:54:10+00:00,SOLUSDT,40188.987815,2.142949
6aa4c6a7-bc7b-46b1-8a86-f13b27197be3,2026-02-11T10:28:15+00:00,BTCUSDT,1760.616102,2.548511
c4f09201-be77-4262-ae0c-0fdc382a414c,2026-02-11T10:44:16+00:00,SOLUSDT,40132.558931,3.21257
708f6828-a793-40a6-b52a-7ba007ac5603,2026-02-11T10:22:01+00:00,XRPUSDT,16588.196684,2.244264
566e7833-4033-4a8d-aaf0-b385dbaaf3da,2026-02-11T10:01:30+00:00,XRPUSDT,16626.219763,1.719239
c3c89760-94e0-469b-b2cd-040153eecde8,2026-02-11T10:11:45+00:00,SOLUSDT,40134.837836,1.484798
7bfac8ab-19a6-455b-9e76-3d97e51ed724,2026-02-11T10:03:50+00:00,ETHUSDT,59890.60617,2.453933
69b7dd2f-da3a-4bfd-8f51-5feb55fbaa66,2026-02-11T10:00:54+00:00,BTCUSDT,1767.235945,1.95884
1a25fca8-fc64-4eed-91c4-8b78606aa9b5,2026-02-11T10:27:57+00:00,XRPUSDT,16615.097559,1.162867
db178ecd-9095-4dd1-bc4c-d75fee7ac890,2026-02-11T10:17:49+00:00,SOLUSDT,40035.283332,2.271469
2daa1f03-b48c-4592-b0ba-1ad039497ccc,2026-02-11T10:52:58+00:00,SOLUSDT,40232.553674,2.312725
2b3469df-4e5d-460a-8a04-fef9c52a35ec,2026-02-11T10:37:15+00:00,BTCUSDT,1765.071063,3.547316
071d13e7-2b6f-4e3d-8fc7-235c42bf4770,2026-02-11T10:20:09+00:00,BTCUSDT,1761.097733,4.251207
d891a833-aaa4-4c76-8212-72f6376385bf,2026-02-11T10:49:12+00:00,ETHUSDT,60137.346292,4.714706
327b663c-fd20-4cde-998f-3d32447238cf,2026-02-11T10:01:33+00:00,SOLUSDT,40157.45976,2.328418
4537ede3-cade-44b0-9e23-3535452247e0,2026-02-11T10:35:16+00:00,ETHUSDT,60085.700053,2.377829
cacfa06a-5b61-44d5-9564-d53c305d8da9,2026-02-11T10:02:34+00:00,SOLUSDT,40155.679779,2.200123
1eecf0f6-f805-4e62-9115-afbd5d3bc062,2026-02-11T10:29:49+00:00,ETHUSDT,60068.400397,2.261257
5042d857-9701-48a3-bd00-c936b958922d,2026-02-11T10:47:31+00:00,XRPUSDT,16604.1252,0.291225
61fe4781-ece7-4ec0-94a0-5dbef4e18d84,2026-02-11T10:30:54+00:00,ETHUSDT,60079.882486,0.705188
102dac19-18ca-43ff-8c51-219fd86ca429,2026-02-11T10:59:42+00:00,ETHUSDT,60108.452775,1.145272
90b67d4a-1124-4996-aeed-20faf8e9a885,2026-02-11T10:33:39+00:00,XRPUSDT,16599.235234,2.270276
3089045a-ee56-43c3-b9c6-ce61342aa3ea,2026-02-11T10:55:01+00:00,SOLUSDT,40136.627985,1.574055
3664e56c-5d90-4fa9-b8d6-bab7854c5773,2026-02-11T10:27:14+00:00,BTCUSDT,1761.235515,3.745845
5b5deaca-9c39-49de-9e18-a908a21836a4,2026-02-11T10:23:13+00:00,XRPUSDT,16601.551461,0.71671
1851aa09-162d-4a14-98ca-e2f4924bfdee,2026-02-11T10:04:15+00:00,ETHUSDT,59821.06208,3.871341
d94c9e3e-194a-4294-b9b5-ba55596fec44,2026-02-11T10:32:31+00:00,XRPUSDT,16610.673071,1.384782
588df3c9-483a-4365-8ec7-33ade02fe40d,2026-02-11T10:27:21+00:00,BTCUSDT,1760.9486,2.096545
4aadc9ff-423b-49f9-bfb3-40ed8f141157,2026-02-11T10:37:58+00:00,BTCUSDT,1763.699442,1.22805
9c30854b-3bfe-41e9-b10c-1906ee225eea,2026-02-11T10:25:51+00:00,SOLUSDT,40084.881389,1.766499
4da1e185-8465-4d3f-9ec9-c2037908f883,2026-02-11T10:37:37+00:00,ETHUSDT,60110.067069,1.405873
35304e53-c85f-459d-b476-1cfffcb5b836,2026-02-11T10:39:10+00:00,ETHUSDT,60059.754929,0.681142
938389c3-ef50-45e0-8336-73bb8bc3d836,2026-02-11T10:43:40+00:00,SOLUSDT,40089.645862,1.198628
5b6c1474-6394-42ae-88db-063a5907bac5,2026-02-11T10:15:50+00:00,ETHUSDT,59825.68856,3.272442
e0eb62fa-9bf3-463e-ac7f-02253e6d6a04,2026-02-11T10:12:32+00:00,XRPUSDT,16580.804794,2.272314
793d9f51-f0ad-426a-9efd-e9ffa7e9cf13,2026-02-11T10:18:57+00:00,BTCUSDT,1762.413096,2.514917
1533fa8f-ffec-4815-989d-26c69b16dab5,2026-02-11T10:53:45+00:00,BTCUSDT,1769.578209,3.45185
3ea9484e-44ea-4ca3-aab4-17e1f15dead2,2026-02-11T10:30:46+00:00,XRPUSDT,,2.422342
82b0f504-b8b5-4c89-9c7b-b1da83511553,2026-02-11T10:18:46+00:00,XRPUSDT,16582.124996,2.77486
47b9882a-f7e2-4319-bbba-81fc8ee79eaf,2026-02-11T10:32:02+00:00,BTCUSDT,1762.594327,0.926832
08771990-add5-44ec-a9ef-94f978af674b,2026-02-11T10:49:44+00:00,XRPUSDT,16579.316688,3.198849
c042e95c-fdd0-479b-8650-713c3ecfe1ef,2026-02-11T10:19:08+00:00,BTCUSDT,1762.860928,2.252878
8bc92543-b029-4f1c-8556-afcd7d3796fe,2026-02-11T10:00:25+00:00,SOLUSDT,40132.523322,1.135641
97070088-93c7-4e72-be21-7662ba3fb170,2026-02-11T10:23:34+00:00,SOLUSDT,40153.523775,1.913186
7ab36e50-978c-4c48-8446-1a89fa6666a2,2026-02-11T10:08:27+00:00,XRPUSDT,16608.969475,2.302326
3699f437-82ae-4afa-a4c2-19360370e992,2026-02-11T10:05:09+00:00,BTCUSDT,1765.975588,2.834835
be10d796-b49d-4e4e-9bef-7cc2a241f647,2026-02-11T10:51:50+00:00,XRPUSDT,16596.791278,1.610604
99e5d0a9-d147-4474-a660-ca5d68b0e163,2026-02-11T10:28:40+00:00,SOLUSDT,40086.9547,1.016702
562308f9-bd25-4f82-aaab-e94167a45013,2026-02-11T10:30:10+00:00,XRPUSDT,16632.853234,2.085516
d198584d-06e3-4431-a9e0-a59220b388c1,2026-02-11T10:45:10+00:00,BTCUSDT,1766.809667,2.853122
ce3de9c1-a935-44ee-91f2-c22e94a030a9,2026-02-11T10:12:54+00:00,BTCUSDT,1768.746546,1.918783
7359cefd-c02a-49d5-94da-ac45f6496b6b,2026-02-11T10:34:48+00:00,ETHUSDT,60149.465271,1.366341
7ff8bd79-20dc-4821-be81-0786c35e2c0e,2026-02-11T10:33:43+00:00,SOLUSDT,40061.738106,3.240624
b6a20d79-dc37-4e74-bcba-70b32cf3a452,2026-02-11T10:23:52+00:00,SOLUSDT,40183.654515,0.430774
7332113c-4bc3-4725-a7b8-cc61c4cbd639,2026-02-11T10:55:30+00:00,BTCUSDT,1766.353338,3.000005
f495f2ef-ae23-488c-a17c-50e7a0d8390d,2026-02-11T10:40:04+00:00,ETHUSDT,60122.617987,2.490448
b45502dc-e4b6-4d5d-909f-064f87befa0e,2026-02-11T10:29:24+00:00,ETHUSDT,60039.691173,2.317725
ca86aa61-555a-450a-b306-ba436dd11806,2026-02-11T10:15:07+00:00,SOLUSDT,40074.535673,1.389802
e4c0c0b8-4710-4575-b542-01ef1bf04ac6,2026-02-11T10:54:25+00:00,ETHUSDT,60097.157905,0.782671
f755004e-1feb-4c20-b511-d60f033ab750,2026-02-11T10:28:04+00:00,SOLUSDT,40143.214015,0.56241
1f6d5198-9961-45ea-880b-2cd6ff656d42,2026-02-11T10:54:50+00:00,SOLUSDT,40159.469533,3.25216
426d13fc-a4cb-427c-a58d-cdd02371678d,2026-02-11T10:21:25+00:00,ETHUSDT,59979.048923,2.324258
bc71808e-5dcc-4d45-b5ce-f3667fbd021d,2026-02-11T10:15:14+00:00,XRPUSDT,16569.68833,3.77688
ea80101d-9d06-4ab0-ab2f-8f3f978eea6e,2026-02-11T10:16:33+00:00,XRPUSDT,16567.393725,2.814425
66e5cee8-d28b-4303-ad84-face21fe8828,2026-02-11T10:10:40+00:00,ETHUSDT,59735.842059,1.06239
8b1b761b-9a58-45e1-bded-f73608230652,2026-02-11T10:16:51+00:00,ETHUSDT,59789.972488,2.125512
121ebf81-969b-4123-a429-c883384a67dd,2026-02-11T10:23:24+00:00,BTCUSDT,1759.902766,2.044541
91e1d681-361a-4dc8-8b47-3e289857f7ec,2026-02-11T10:30:28+00:00,XRPUSDT,16610.394056,1.224014
5afe52d6-d5cb-414a-af30-b51347aeefa5,2026-02-11T10:44:56+00:00,ETHUSDT,60166.213923,1.244278
ff6e0f68-7ffb-4ac4-9a4b-7ffa3dffba70,2026-02-11T10:34:58+00:00,BTCUSDT,1766.411394,3.585706
e3cdb544-0374-4fd3-8c3d-830deab97532,2026-02-11T10:58:19+00:00,BTCUSDT,1763.657449,2.290518
118d12a1-244a-4278-bb94-684cb42d9828,2026-02-11T10:07:44+00:00,XRPUSDT,16617.033368,0.242896
fe8477e0-7bbe-4aa9-b01c-a616e34aae2c,2026-02-11T10:08:38+00:00,BTCUSDT,1764.744706,1.414601
9607141a-0a27-4b49-a6a0-29a0da77dfae,2026-02-11T10:57:36+00:00,ETHUSDT,60170.269182,3.926507
c40d2636-4656-41de-9df4-f5a40d5c454f,2026-02-11T10:50:49+00:00,BTCUSDT,1765.319382,2.993728
0f0b52f2-4332-44f9-91d5-ece3fcbe9e9e,2026-02-11T10:38:42+00:00,XRPUSDT,16544.298238,1.823728
9aba5ad8-d273-429f-b279-f88cc9c83b5c,2026-02-11T10:42:54+00:00,SOLUSDT,40123.138075,2.294856
be9f7174-10e8-4da1-9b4c-4cb9b5c649aa,2026-02-11T10:54:18+00:00,SOLUSDT,40163.556761,1.449986
149b100a-7dbb-4507-8ce0-5b5a4cca0f2c,2026-02-11T10:46:01+00:00,XRPUSDT,16580.743736,2.619007
701bce22-02a4-4c1d-9ff2-43dc42858b76,2026-02-11T10:04:19+00:00,XRPUSDT,16646.064246,1.13186
0a825349-4725-4c97-9d0d-6195e01f2365,2026-02-11T10:54:28+00:00,XRPUSDT,16617.106083,2.056803
5ea1af2a-95bc-448d-815b-6b85763b6b5d,2026-02-11T10:14:06+00:00,BTCUSDT,1768.710573,1.099391
70e67d1f-166c-469e-91a7-8768a85224ae,2026-02-11T10:02:13+00:00,SOLUSDT,40145.656221,3.166169
